experiment,model,n,k,iv_rmse_volpts,weighted_obj,aic,bic,success,status,seconds,n_eval,bound_hits,message,fit_kappa,true_kappa,fit_sigma,true_sigma,daily_v0_mean_abs_rel_err_%,daily_theta_mean_abs_rel_err_%,daily_rho_mean_abs_rel_err_%,seed,noise_volpts,n_dates,wall_s,clusters,local,smooth,fit_lam,true_lam,fit_mu_J,true_mu_J,fit_sigma_J,true_sigma_J,fit_combo_CPI+FOMC,true_combo_CPI+FOMC,fit_sigma_CPI,true_sigma_CPI,fit_sigma_ECB,true_sigma_ECB,fit_sigma_FOMC,true_sigma_FOMC,fit_sigma_NFP,true_sigma_NFP,se_combo_CPI+FOMC,se_sigma_CPI,se_sigma_ECB,se_sigma_FOMC,se_sigma_NFP,max_abs_corr_events,condition_number,fit_combo_ECB+FOMC,true_combo_ECB+FOMC,se_combo_ECB+FOMC,daily_kappa_mean_abs_rel_err_%,daily_sigma_mean_abs_rel_err_%,daily_lam_mean_abs_rel_err_%,daily_mu_J_mean_abs_rel_err_%,daily_sigma_J_mean_abs_rel_err_%
P1_noise_free,Heston,710,89,0.4271660387128866,0.0067598911567871,-7538.895058515499,-7132.586476182352,True,2,61.36656729999959,24,kappa,`ftol` termination condition is satisfied.,29.99999998937161,2.5,0.7897740055788098,0.45,24.94973432635004,17.360222039426233,13.925340896469452,1,0.0,29,609.4087738999988,FOMC-2026-10-28 | ECB-2026-10-29 | NFP-2026-11-06 | CPI-2026-11-10 | NFP-2026-12-04 | FOMC-2026-12-09+CPI-2026-12-10 | ECB-2026-12-17,"v0,theta,rho",0.0,,,,,,,,,,,,,,,,,,,,,,,,,,,,,,,
P1_noise_free,Bates,710,92,0.4227887566378274,0.006718774642835,-7537.226765509532,-7117.222388266278,True,3,109.21486939999886,36,kappa,`xtol` termination condition is satisfied.,29.99999999999827,2.5,0.7914235457060818,0.45,22.72457357412356,18.195377962617027,11.229951831452295,1,0.0,29,609.4087987999992,FOMC-2026-10-28 | ECB-2026-10-29 | NFP-2026-11-06 | CPI-2026-11-10 | NFP-2026-12-04 | FOMC-2026-12-09+CPI-2026-12-10 | ECB-2026-12-17,"v0,theta,rho",0.0,0.7147388130349216,1.0,-0.0147367926043599,-0.02,0.0001922242872497,0.015,,,,,,,,,,,,,,,,,,,,,,,,,
P1_noise_free,HB-MJ,710,97,1.6963917575242463e-11,1.4777076353862912e-23,-12884.683328206182,-12441.852626112752,True,1,156.8047635999992,28,,`gtol` termination condition is satisfied.,2.5000000212980487,2.5,0.4500000003312163,0.45,1.3956394802623524e-08,3.015275280685517e-07,2.413147621240804e-08,1,0.0,29,609.4088090999994,FOMC-2026-10-28 | ECB-2026-10-29 | NFP-2026-11-06 | CPI-2026-11-10 | NFP-2026-12-04 | FOMC-2026-12-09+CPI-2026-12-10 | ECB-2026-12-17,"v0,theta,rho",0.0,0.9999999950860716,1.0,-0.0200000000952289,-0.02,0.0149999999518324,0.015,0.0072111025505177,0.0072111025509279,0.004000000000109,0.004,0.0050000000000373,0.005,0.0059999999998764,0.006,0.0034999999998206,0.0035,0.0001242940985149,3.492520201217669e-05,3.725439625091409e-05,8.028700133532932e-05,3.642045075647481e-05,0.3976721817397415,15694.37272575479,,,,,,,,
P1_main,Heston,710,89,0.4299701254211207,0.0068417123792262,-7530.352864423496,-7124.044282090348,True,2,89.51171729999987,33,kappa,`ftol` termination condition is satisfied.,29.999999999879524,2.5,0.7938061892609359,0.45,24.897058053682397,17.06830560824587,13.987050559222036,1,0.05,29,697.7601966000002,FOMC-2026-10-28 | ECB-2026-10-29 | NFP-2026-11-06 | CPI-2026-11-10 | NFP-2026-12-04 | FOMC-2026-12-09+CPI-2026-12-10 | ECB-2026-12-17,"v0,theta,rho",0.0,,,,,,,,,,,,,,,,,,,,,,,,,,,,,,,
P1_main,Bates,710,92,0.4257046846338279,0.0068019749949673,-7528.488641186226,-7108.4842639429735,True,2,115.9204991000006,31,kappa,`ftol` termination condition is satisfied.,29.99999999984694,2.5,0.7959092547146485,0.45,22.535696792400493,17.971749192537338,11.41922460806204,1,0.05,29,697.7602301999996,FOMC-2026-10-28 | ECB-2026-10-29 | NFP-2026-11-06 | CPI-2026-11-10 | NFP-2026-12-04 | FOMC-2026-12-09+CPI-2026-12-10 | ECB-2026-12-17,"v0,theta,rho",0.0,0.7296031895960453,1.0,-0.0144730016015059,-0.02,7.056624031399202e-06,0.015,,,,,,,,,,,,,,,,,,,,,,,,,
P1_main,HB-MJ,710,97,0.046866230909057,7.223997935260816e-05,-10745.420654144802,-10302.589952051372,True,3,225.53078989999997,39,,`xtol` termination condition is satisfied.,3.1203981559634206,2.5,0.4642826990308838,0.45,0.5359837131838993,6.348671327812344,2.268351786557316,1,0.05,29,697.7602482000002,FOMC-2026-10-28 | ECB-2026-10-29 | NFP-2026-11-06 | CPI-2026-11-10 | NFP-2026-12-04 | FOMC-2026-12-09+CPI-2026-12-10 | ECB-2026-12-17,"v0,theta,rho",0.0,0.8944936364315681,1.0,-0.0220784455671245,-0.02,0.0132689079235081,0.015,0.0071736505186753,0.0072111025509279,0.0040155058108372,0.004,0.0050129314520253,0.005,0.0059323942961807,0.006,0.0035351533875753,0.0035,0.000124901504743,3.4429367116408974e-05,3.636667664521697e-05,8.076702893975892e-05,3.5966023899702815e-05,0.3911368596225962,32675.707062121204,,,,,,,,
P1_main,Heston,710,89,0.4202196006660392,0.0063538468347993,-7582.876973136446,-7176.568390803299,True,2,99.85411179999936,32,kappa,`ftol` termination condition is satisfied.,29.999999993322465,2.5,0.7940470966527711,0.45,23.80295905648051,23.80003349144753,18.153395800603374,3,0.05,29,699.7968299000004,FOMC-2026-10-28 | ECB-2026-10-29 | NFP-2026-11-06 | CPI-2026-11-10 | NFP-2026-12-04 | FOMC-2026-12-09+CPI-2026-12-10 | ECB-2026-12-17,"v0,theta,rho",0.0,,,,,,,,,,,,,,,,,,,,,,,,,,,,,,,
P1_main,Bates,710,92,0.4105925562678556,0.0062581185682852,-7587.655368468675,-7167.650991225422,True,2,98.37537930000144,28,kappa,`ftol` termination condition is satisfied.,29.999999999996152,2.5,0.7837848331772679,0.45,21.559389744559983,24.74220120386971,11.67841499615714,3,0.05,29,699.7968626000002,FOMC-2026-10-28 | ECB-2026-10-29 | NFP-2026-11-06 | CPI-2026-11-10 | NFP-2026-12-04 | FOMC-2026-12-09+CPI-2026-12-10 | ECB-2026-12-17,"v0,theta,rho",0.0,0.6087299603710996,1.0,-0.0186707758482331,-0.02,0.0033852745555665,0.015,,,,,,,,,,,,,,,,,,,,,,,,,
P1_main,HB-MJ,710,97,0.0478208454620483,7.664974485105241e-05,-10703.35127032537,-10260.52056823194,True,2,185.2509532000004,33,,`ftol` termination condition is satisfied.,2.577458841299055,2.5,0.4464863877995634,0.45,0.7235368644942173,5.689471756266327,1.816845609848066,3,0.05,29,699.7968777000006,FOMC-2026-10-28 | ECB-2026-10-29 | NFP-2026-11-06 | CPI-2026-11-10 | NFP-2026-12-04 | FOMC-2026-12-09+CPI-2026-12-10 | ECB-2026-12-17,"v0,theta,rho",0.0,0.9869161858620088,1.0,-0.0205984243253346,-0.02,0.0148764954035808,0.015,0.0071849809794167,0.0072111025509279,0.0040155939298498,0.004,0.0049822152247224,0.005,0.0059730432680486,0.006,0.0035067492423595,0.0035,0.0001157890660851,3.255618196197363e-05,4.05261014579557e-05,8.681258436952945e-05,3.437312396743297e-05,0.4000648134174794,28852.204327645948,,,,,,,,
P1_main,Heston,710,89,0.451983065078558,0.0073737393710121,-7477.183160646379,-7070.874578313233,True,2,72.31890659999954,25,kappa,`ftol` termination condition is satisfied.,29.99999999895272,2.5,0.8051570949173956,0.45,27.186003818106258,25.57056197147258,31.34576965549557,2,0.05,29,791.8965167999995,FOMC-2026-10-28 | ECB-2026-10-29 | NFP-2026-11-06 | CPI-2026-11-10 | NFP-2026-12-04 | FOMC-2026-12-09+CPI-2026-12-10 | ECB-2026-12-17,"v0,theta,rho",0.0,,,,,,,,,,,,,,,,,,,,,,,,,,,,,,,
P1_main,Bates,710,92,0.4402946884656477,0.0072551986384875,-7482.689910106264,-7062.68553286301,True,2,148.45488880000084,37,kappa,`ftol` termination condition is satisfied.,29.999999999975422,2.5,0.7990475357790363,0.45,24.711061302697416,27.951723482104303,22.62190844730086,2,0.05,29,791.8965528000008,FOMC-2026-10-28 | ECB-2026-10-29 | NFP-2026-11-06 | CPI-2026-11-10 | NFP-2026-12-04 | FOMC-2026-12-09+CPI-2026-12-10 | ECB-2026-12-17,"v0,theta,rho",0.0,0.7326169521183721,1.0,-0.0171650792559582,-0.02,0.0002976596764022,0.015,,,,,,,,,,,,,,,,,,,,,,,,,
P1_main,HB-MJ,710,97,0.0481913686507915,7.680174873977203e-05,-10701.94466562229,-10259.11396352886,True,2,208.48228850000123,35,,`ftol` termination condition is satisfied.,2.38870782778713,2.5,0.4478758859111469,0.45,0.7788631972081147,7.138862195247893,3.0482158504632126,2,0.05,29,791.8965700000008,FOMC-2026-10-28 | ECB-2026-10-29 | NFP-2026-11-06 | CPI-2026-11-10 | NFP-2026-12-04 | FOMC-2026-12-09+CPI-2026-12-10 | ECB-2026-12-17,"v0,theta,rho",0.0,0.9871893904284124,1.0,-0.020348463670749,-0.02,0.0150147448060462,0.015,0.0071649107605688,0.0072111025509279,0.0039929211046163,0.004,0.0050091178930386,0.005,0.0059869326189024,0.006,0.0035246066792444,0.0035,0.000114599379332,3.338588312747669e-05,3.601328655399225e-05,7.770569881299322e-05,3.431746653604289e-05,0.395237719122755,47709.66816147557,,,,,,,,
P3_ecb_moved_next_to_fomc,Heston,710,89,0.3640936581647008,0.0049534413299847,-7759.651265827799,-7353.342683494651,True,2,100.99238770000012,32,kappa,`ftol` termination condition is satisfied.,29.999999975751862,2.5,0.785823616694213,0.45,17.837160534554464,14.265663862368244,15.143345812127013,1,0.05,29,793.0245106000002,FOMC-2026-10-28+ECB-2026-10-29 | NFP-2026-11-06 | CPI-2026-11-10 | NFP-2026-12-04 | FOMC-2026-12-09+CPI-2026-12-10 | ECB-2026-12-17,"v0,theta,rho",0.0,,,,,,,,,,,,,,,,,,,,,,,,,,,,,,,
P3_ecb_moved_next_to_fomc,Bates,710,92,0.3561823094755472,0.0048349542578833,-7770.840994156887,-7350.836616913633,True,2,154.97108579999986,37,kappa,`ftol` termination condition is satisfied.,29.999999962530268,2.5,0.726732645206834,0.45,14.811559780293155,18.42706162631364,7.4798174271248765,1,0.05,29,793.0245437000012,FOMC-2026-10-28+ECB-2026-10-29 | NFP-2026-11-06 | CPI-2026-11-10 | NFP-2026-12-04 | FOMC-2026-12-09+CPI-2026-12-10 | ECB-2026-12-17,"v0,theta,rho",0.0,0.65805604180881,1.0,-0.0189466631277116,-0.02,0.0154513118836041,0.015,,,,,,,,,,,,,,,,,,,,,,,,,
P3_ecb_moved_next_to_fomc,HB-MJ,710,97,0.0469384677536712,7.220091136877818e-05,-10745.804731936863,-10302.974029843434,True,3,198.2317556999988,37,,`xtol` termination condition is satisfied.,3.21376167170812,2.5,0.4661301919069992,0.45,0.5420264609424128,6.5296584114940135,2.268774871294687,1,0.05,29,793.0245593000018,FOMC-2026-10-28+ECB-2026-10-29 | NFP-2026-11-06 | CPI-2026-11-10 | NFP-2026-12-04 | FOMC-2026-12-09+CPI-2026-12-10 | ECB-2026-12-17,"v0,theta,rho",0.0,0.9151125818002172,1.0,-0.0216378437170753,-0.02,0.0133619972808504,0.015,0.0071695599295627,0.0072111025509279,0.004015302441469,0.004,0.0048811885430939,0.005,,,0.0035334669427331,0.0035,0.0001253265281773,3.443908964372033e-05,0.0003058598769267,,3.617814740529644e-05,0.1008067996356469,28856.76020561759,0.0077676927823987,0.0078102496759066,5.677614847140234e-05,,,,,
P1_main,Heston,710,89,0.4097216883820312,0.0062491802823484,-7594.670165375881,-7188.361583042733,True,2,140.82494039999983,50,kappa,`ftol` termination condition is satisfied.,29.9999999998611,2.5,0.7756975666452612,0.45,22.19050518504513,17.283035071661256,9.01383467258582,4,0.05,29,806.0839101000001,FOMC-2026-10-28 | ECB-2026-10-29 | NFP-2026-11-06 | CPI-2026-11-10 | NFP-2026-12-04 | FOMC-2026-12-09+CPI-2026-12-10 | ECB-2026-12-17,"v0,theta,rho",0.0,,,,,,,,,,,,,,,,,,,,,,,,,,,,,,,
P1_main,Bates,710,92,0.4072144161486583,0.0062249790953143,-7591.425118849344,-7171.420741606091,True,2,148.3903117000009,39,kappa,`ftol` termination condition is satisfied.,29.99999999999999,2.5,0.7775292161235092,0.45,20.30335735692309,16.334152794969686,7.292264194772614,4,0.05,29,806.0839366,FOMC-2026-10-28 | ECB-2026-10-29 | NFP-2026-11-06 | CPI-2026-11-10 | NFP-2026-12-04 | FOMC-2026-12-09+CPI-2026-12-10 | ECB-2026-12-17,"v0,theta,rho",0.0,0.6414363911050273,1.0,-0.0147319965169607,-0.02,0.0001929550546724,0.015,,,,,,,,,,,,,,,,,,,,,,,,,
P1_main,HB-MJ,710,97,0.04755818075373,7.637969194339896e-05,-10705.85716419112,-10263.02646209769,True,3,236.0127228000001,45,,`xtol` termination condition is satisfied.,2.1185001437110693,2.5,0.4505719900828265,0.45,0.6341487575690615,11.303197641914336,1.6438541367682729,4,0.05,29,806.0839464000001,FOMC-2026-10-28 | ECB-2026-10-29 | NFP-2026-11-06 | CPI-2026-11-10 | NFP-2026-12-04 | FOMC-2026-12-09+CPI-2026-12-10 | ECB-2026-12-17,"v0,theta,rho",0.0,0.8308174748096859,1.0,-0.0243580465164044,-0.02,0.0114233887950793,0.015,0.0071838425026297,0.0072111025509279,0.004004518610762,0.004,0.004970716126013,0.005,0.0060467356268401,0.006,0.0035066484944894,0.0035,0.0001247249436539,3.4621663535535415e-05,3.834194560762834e-05,8.328094531536321e-05,3.765364437049805e-05,0.3927371235670884,48053.83448464987,,,,,,,,
P4_no_ON_tenor_noise_free,Heston,565,89,0.1741941560812052,0.0008515319289959,-7004.365943166006,-6618.388453093973,True,2,159.88713370000005,39,,`ftol` termination condition is satisfied.,23.99019653296052,2.5,0.6898304165290449,0.45,30.720790821658696,20.34721734684246,16.57664420982769,1,0.0,29,877.8205636999992,FOMC-2026-10-28 | ECB-2026-10-29 | NFP-2026-11-06 | CPI-2026-11-10 | NFP-2026-12-04 | FOMC-2026-12-09+CPI-2026-12-10 | ECB-2026-12-17,"v0,theta,rho",0.0,,,,,,,,,,,,,,,,,,,,,,,,,,,,,,,
P4_no_ON_tenor_noise_free,Bates,565,92,0.1661235208936903,0.0008295853852698,-7013.118633639886,-6614.1306663744135,True,2,167.23800630000005,45,,`ftol` termination condition is satisfied.,15.62890698569682,2.5,0.5449197954977865,0.45,27.4011981683032,27.72972000046707,6.895252141390537,1,0.0,29,877.8205973999993,FOMC-2026-10-28 | ECB-2026-10-29 | NFP-2026-11-06 | CPI-2026-11-10 | NFP-2026-12-04 | FOMC-2026-12-09+CPI-2026-12-10 | ECB-2026-12-17,"v0,theta,rho",0.0,0.3526642582334384,1.0,-0.0300940200912047,-0.02,0.0163871905141269,0.015,,,,,,,,,,,,,,,,,,,,,,,,,
P4_no_ON_tenor_noise_free,HB-MJ,565,97,1.2815572306839806e-10,3.670459494224152e-22,-10213.684620333088,-9793.012524411884,True,1,246.17089739999935,46,,`gtol` termination condition is satisfied.,2.5000000648812115,2.5,0.4500000008141743,0.45,1.0806125132051373e-07,8.551172907498552e-07,3.4184028843982026e-08,1,0.0,29,877.8206150999995,FOMC-2026-10-28 | ECB-2026-10-29 | NFP-2026-11-06 | CPI-2026-11-10 | NFP-2026-12-04 | FOMC-2026-12-09+CPI-2026-12-10 | ECB-2026-12-17,"v0,theta,rho",0.0,0.999999963777142,1.0,-0.0200000006027147,-0.02,0.0149999997710059,0.015,0.0072111025502229,0.0072111025509279,0.0040000000001484,0.004,0.0049999999977407,0.005,0.0060000000017863,0.006,0.0034999999995417,0.0035,0.0001393945773322,0.0001712619225378,0.0003231200541248,0.0003015710020766,0.0001624807055843,0.8553533577809728,41629.07646343516,,,,,,,,
P4_no_ON_tenor,Heston,565,89,0.1791023527092988,0.0008820396436657,-6984.477939939293,-6598.50044986726,True,2,80.95066230000157,40,,`ftol` termination condition is satisfied.,23.000402559801586,2.5,0.6819012941601456,0.45,30.418708718564247,21.16181974337699,16.929144876292835,1,0.05,29,1290.0081210999997,FOMC-2026-10-28 | ECB-2026-10-29 | NFP-2026-11-06 | CPI-2026-11-10 | NFP-2026-12-04 | FOMC-2026-12-09+CPI-2026-12-10 | ECB-2026-12-17,"v0,theta,rho",0.0,,,,,,,,,,,,,,,,,,,,,,,,,,,,,,,
P4_no_ON_tenor,Bates,565,92,0.1705707912314514,0.0008577066518038,-6994.283735331008,-6595.295768065535,True,3,165.2027679999992,48,,`xtol` termination condition is satisfied.,13.954396077501194,2.5,0.5322274839773607,0.45,26.81631629743731,30.429567173002003,7.796587314961317,1,0.05,29,1290.0081446000004,FOMC-2026-10-28 | ECB-2026-10-29 | NFP-2026-11-06 | CPI-2026-11-10 | NFP-2026-12-04 | FOMC-2026-12-09+CPI-2026-12-10 | ECB-2026-12-17,"v0,theta,rho",0.0,0.4022798269749764,1.0,-0.0289397628389477,-0.02,0.0152645320267553,0.015,,,,,,,,,,,,,,,,,,,,,,,,,
P4_no_ON_tenor,HB-MJ,565,97,0.0449621167682007,5.019934689621253e-05,-8587.900706964929,-8167.2286110437235,True,3,711.9048588000005,161,,`xtol` termination condition is satisfied.,0.7718830842324073,2.5,0.4298637744550232,0.45,1.106929833358751,79.62988449311216,2.469158536634013,1,0.05,29,1290.0081539000005,FOMC-2026-10-28 | ECB-2026-10-29 | NFP-2026-11-06 | CPI-2026-11-10 | NFP-2026-12-04 | FOMC-2026-12-09+CPI-2026-12-10 | ECB-2026-12-17,"v0,theta,rho",0.0,1.2684370538876302,1.0,-0.0169225091013623,-0.02,0.0160333077829927,0.015,0.0071342270465098,0.0072111025509279,0.0039570912422108,0.004,0.0053042653936918,0.005,0.0056497131568017,0.006,0.0034224200587787,0.0035,0.0001416302478778,0.0001713971387185,0.0003075306648405,0.0003208709328075,0.0001657797034935,0.8599235960736957,1329305.8632954983,,,,,,,,
P5_all_local_smooth,Heston,710,145,0.4607067207785716,0.006990878351894251,-7403.039471844071,-6741.076051188944,True,2,140.89202650000152,58,,`ftol` termination condition is satisfied.,,,,,25.556255872802573,15.872957776424224,15.141938293880136,1,0.05,29,1243.754925899997,FOMC-2026-10-28 | ECB-2026-10-29 | NFP-2026-11-06 | CPI-2026-11-10 | NFP-2026-12-04 | FOMC-2026-12-09+CPI-2026-12-10 | ECB-2026-12-17,"v0,kappa,theta,sigma,rho,lam,mu_J,sigma_J",0.0001,,,,,,,,,,,,,,,,,,,,,,,,,,,1021.4296983218749,78.64189661479735,,,
P5_all_local_smooth,Bates,710,232,0.47382189220168064,0.006457734377289021,-7285.362114715333,-6226.220641667129,True,2,235.03908149999916,63,,`ftol` termination condition is satisfied.,,,,,18.89186508309095,22.179402767657514,18.022464791324886,1,0.05,29,1243.7549527999981,FOMC-2026-10-28 | ECB-2026-10-29 | NFP-2026-11-06 | CPI-2026-11-10 | NFP-2026-12-04 | FOMC-2026-12-09+CPI-2026-12-10 | ECB-2026-12-17,"v0,kappa,theta,sigma,rho,lam,mu_J,sigma_J",0.0001,,,,,,,,,,,,,,,,,,,,,,,,,,,901.9552431808506,69.11698842818619,1106.7069384485612,89.27074074233938,55.04380834898135
P5_all_local_smooth,HB-MJ,710,237,0.04519612975544624,6.903592772708689e-05,-10497.630913527466,-9415.663115629086,True,2,474.6309308000018,104,,`ftol` termination condition is satisfied.,,,,,0.5758005462537664,5.8743223928257935,2.74702342479935,1,0.05,29,1243.7549626,FOMC-2026-10-28 | ECB-2026-10-29 | NFP-2026-11-06 | CPI-2026-11-10 | NFP-2026-12-04 | FOMC-2026-12-09+CPI-2026-12-10 | ECB-2026-12-17,"v0,kappa,theta,sigma,rho,lam,mu_J,sigma_J",0.0001,,,,,,,0.007167944109212363,0.007211102550927979,0.004010074975636962,0.004,0.005014908514869295,0.005,0.0059262801892790715,0.006,0.003527582002259085,0.0035,0.00013262496047232217,4.243797292208212e-05,4.258610349753561e-05,9.268180921898787e-05,4.480450800568061e-05,0.3890788102224173,2264219.6519803507,,,,31.1956947027328,3.9001437769325644,24.72204518718158,27.322079214275053,24.614494530529697
