experiment,seed,key,true_sigma,fit_sigma,var_rel_err_%,se_sigma_at_0.1volpt
P1_noise_free,1,combo_CPI+FOMC,0.0072111025509279,0.0072111025505177,-1.1376921627004322e-08,0.0001242940985149
P1_noise_free,1,sigma_CPI,0.004,0.004000000000109,5.449973805582431e-09,3.492520201217669e-05
P1_noise_free,1,sigma_ECB,0.005,0.0050000000000373,1.4920065183332554e-09,3.725439625091409e-05
P1_noise_free,1,sigma_FOMC,0.006,0.0059999999998764,-4.119982133232725e-09,8.028700133532932e-05
P1_noise_free,1,sigma_NFP,0.0035,0.0034999999998206,-1.025143303579057e-08,3.642045075647481e-05
P1_main,1,combo_CPI+FOMC,0.0072111025509279,0.0071736505186753,-1.0360350690547748,0.000124901504743
P1_main,1,sigma_CPI,0.004,0.0040155058108372,0.776793230420747,3.4429367116408974e-05
P1_main,1,sigma_ECB,0.005,0.0050129314520253,0.517926970817939,3.636667664521697e-05
P1_main,1,sigma_FOMC,0.006,0.0059323942961807,-2.2408275406741507,8.076702893975892e-05
P1_main,1,sigma_NFP,0.0035,0.0035351533875753,2.018852846409125,3.5966023899702815e-05
P1_main,3,combo_CPI+FOMC,0.0072111025509279,0.0071849809794167,-0.7231698565752231,0.0001157890660851
P1_main,3,sigma_CPI,0.004,0.0040155939298498,0.7812163090409996,3.255618196197363e-05
P1_main,3,sigma_ECB,0.005,0.0049822152247224,-0.7101258181772985,4.05261014579557e-05
P1_main,3,sigma_FOMC,0.006,0.0059730432680486,-0.8965392167202935,8.681258436952945e-05
P1_main,3,sigma_NFP,0.0035,0.0035067492423595,0.38604284725654026,3.437312396743297e-05
P1_main,2,combo_CPI+FOMC,0.0072111025509279,0.0071649107605688,-1.2770265251621282,0.000114599379332
P1_main,2,sigma_CPI,0.004,0.0039929211046163,-0.35363157693590885,3.338588312747669e-05
P1_main,2,sigma_ECB,0.005,0.0050091178930386,0.36504826543786173,3.601328655399225e-05
P1_main,2,sigma_FOMC,0.006,0.0059869326189024,-0.43510504645124515,7.770569881299322e-05
P1_main,2,sigma_NFP,0.0035,0.0035246066792444,1.4110387214223197,3.431746653604289e-05
P3_ecb_moved_next_to_fomc,1,combo_CPI+FOMC,0.0072111025509279,0.0071695599295627,-1.1488661853995663,0.0001253265281773
P3_ecb_moved_next_to_fomc,1,sigma_CPI,0.004,0.004015302441469,0.7665856029182239,3.443908964372033e-05
P3_ecb_moved_next_to_fomc,1,sigma_ECB,0.005,0.0048811885430939,-4.69599362707539,0.0003058598769267
P3_ecb_moved_next_to_fomc,1,sigma_NFP,0.0035,0.0035334669427331,1.9215398807151063,3.617814740529644e-05
P3_ecb_moved_next_to_fomc,1,combo_ECB+FOMC,0.0078102496759066,0.0077676927823987,-1.0868013742135973,5.677614847140234e-05
P1_main,4,combo_CPI+FOMC,0.0072111025509279,0.0071838425026297,-0.754628648865241,0.0001247249436539
P1_main,4,sigma_CPI,0.004,0.004004518610762,0.22605814962013415,3.4621663535535415e-05
P1_main,4,sigma_ECB,0.005,0.004970716126013,-1.1679247783772495,3.834194560762834e-05
P1_main,4,sigma_FOMC,0.006,0.0060467356268401,1.5639215024926045,8.328094531536321e-05
P1_main,4,sigma_NFP,0.0035,0.0035066484944894,0.38027480738591635,3.765364437049805e-05
P4_no_ON_tenor_noise_free,1,combo_CPI+FOMC,0.0072111025509279,0.0072111025502229,-1.9553192398547026e-08,0.0001393945773322
P4_no_ON_tenor_noise_free,1,sigma_CPI,0.004,0.0040000000001484,7.419997949398294e-09,0.0001712619225378
P4_no_ON_tenor_noise_free,1,sigma_ECB,0.005,0.0049999999977407,-9.037202097772479e-08,0.0003231200541248
P4_no_ON_tenor_noise_free,1,sigma_FOMC,0.006,0.0060000000017863,5.954334802993344e-08,0.0003015710020766
P4_no_ON_tenor_noise_free,1,sigma_NFP,0.0035,0.0034999999995417,-2.6188584634212475e-08,0.0001624807055843
P4_no_ON_tenor,1,combo_CPI+FOMC,0.0072111025509279,0.0071342270465098,-2.1207777862441324,0.0001416302478778
P4_no_ON_tenor,1,sigma_CPI,0.004,0.0039570912422108,-2.133930630116143,0.0001713971387185
P4_no_ON_tenor,1,sigma_ECB,0.005,0.0053042653936918,12.540925466865716,0.0003075306648405
P4_no_ON_tenor,1,sigma_FOMC,0.006,0.0056497131568017,-11.335392349616026,0.0003208709328075
P4_no_ON_tenor,1,sigma_NFP,0.0035,0.0034224200587787,-4.384007683830216,0.0001657797034935
