experiment,noise,type,n_dates_identifiable,median_var_err_%,p10_%,p90_%,share_within_20%,share_rmse_gt_1bp,median_abs_v0_err_%
P2_single_noise_free,0.0,FOMC,21,-27.764293236231584,-40.50804195045453,-15.275181142595763,0.3333333333333333,,
P2_single_noise_free,0.0,ECB,17,0.7573131871716487,-7.840561311311943e-08,22.000000087399265,0.5882352941176471,,
P2_single_noise_free,0.0,CPI,29,3.157500927386536e-08,-11.725988333647464,62.50459317146795,0.5172413793103449,,
P2_single_noise_free,0.0,NFP,29,1.4398284786665272e-07,-5.80388626048034e-08,72.20094717408931,0.7931034482758621,,
P2_single_noise_free,0.0,(fit quality),29,,,,,0.0,1.6424994697672446e-08
P2_single_noisy,0.05,FOMC,21,-25.7262193349847,-37.17949349413835,-15.296989451102338,0.38095238095238093,,
P2_single_noisy,0.05,ECB,17,12.568783148025432,-47.49093559410254,27.101873270649737,0.6470588235294118,,
P2_single_noisy,0.05,CPI,29,6.319399150900185,-15.987581124417176,65.7440635451221,0.4827586206896552,,
P2_single_noisy,0.05,NFP,29,8.061209180998041,-39.72196332749235,71.45290375061929,0.5172413793103449,,
P2_single_noisy,0.05,(fit quality),29,,,,,1.0,1.145744168733187
P4_single_no_ON_noise_free,0.0,FOMC,21,-27.136805711312707,-40.340746077665315,-14.90327565398487,0.42857142857142855,,
P4_single_no_ON_noise_free,0.0,ECB,17,4.301319966870665e-07,-1.870056132169395e-07,22.003844524939524,0.5882352941176471,,
P4_single_no_ON_noise_free,0.0,CPI,29,-2.0284973700768205e-08,-11.944052674501274,62.55434642160733,0.5517241379310345,,
P4_single_no_ON_noise_free,0.0,NFP,29,7.630285292492545e-08,-2.3769029189324431e-07,74.59386391187594,0.8620689655172413,,
P4_single_no_ON_noise_free,0.0,(fit quality),29,,,,,0.06896551724137931,3.441709139906379e-08
