experiment,seed,noise_volpts,date,iv_rmse_bp,free_event_types,success,v0_rel_err_%,fit_sigma_FOMC,fit_sigma_ECB,fit_sigma_CPI,fit_sigma_NFP
P2_single_noisy,1,0.05,2026-10-19,2.922522162199992,FOMC;ECB;CPI;NFP,True,0.0715201379489549,0.0055220543095485,0.0053049218455135,0.0041056064642057,0.0030891174770659
P2_single_noisy,1,0.05,2026-10-20,2.5205968311245304,FOMC;ECB;CPI;NFP,True,0.2673181535197244,0.0052140567030945,0.005468883068869,0.003678906019692,0.0035997594553259
P2_single_noisy,1,0.05,2026-10-21,3.488066288045687,FOMC;ECB;CPI;NFP,True,0.7487284259347415,0.0055143026037882,0.005463167478402,0.0039530658935677,0.003928522137779
P2_single_noisy,1,0.05,2026-10-26,2.379192680145393,FOMC;ECB;CPI;NFP,True,-0.4059832129959639,0.005419259268745,0.0053473480800948,0.0011215074348618,2.2814170722709748e-05
P2_single_noisy,1,0.05,2026-10-22,3.385589181230308,FOMC;ECB;CPI;NFP,True,-2.03778102130715,0.0057040985457377,0.005240843185263,0.0039895652346285,0.0036238021763499
P2_single_noisy,1,0.05,2026-10-23,3.942011483461959,FOMC;ECB;CPI;NFP,True,0.0602243646402378,0.0054965639898409,0.0055153749279643,0.0041729086702709,0.0037915372852579
P2_single_noisy,1,0.05,2026-10-27,2.944318654238732,FOMC;ECB;CPI;NFP,True,0.6489131221933286,0.0054382273182496,0.0054363740980121,0.0036155963676221,0.0036383372747276
P2_single_noisy,1,0.05,2026-10-29,5.258695886934894,CPI;NFP,True,0.69975466141734,,,0.0039339159720988,0.0036835330444231
P2_single_noisy,1,0.05,2026-10-30,3.021416030758163,CPI;NFP,True,-1.242466457206293,,,0.004121381517113,0.0035180461181294
P2_single_noisy,1,0.05,2026-10-28,4.85143734810072,ECB;CPI;NFP,True,-3.364999932313806,,0.005030132337822,0.0033826876307329,0.0037125493131329
P2_single_noisy,1,0.05,2026-11-02,3.8459402493714823,CPI;NFP,True,-0.0538571253588138,,,0.0040290912751144,0.0034794723739457
P2_single_noisy,1,0.05,2026-11-03,5.480207261338364,CPI;NFP,True,-1.919972997382824,,,0.0041244519471251,0.0035934143063641
P2_single_noisy,1,0.05,2026-11-04,3.02788575206105,CPI;NFP,True,-1.5794951131868018,,,0.0038381469366762,0.0038604431959863
P2_single_noisy,1,0.05,2026-11-06,4.158959507963095,CPI;NFP,True,0.4173778069276768,,,0.0038496742791042,0.0023684218653343
P2_single_noisy,1,0.05,2026-11-05,3.677939160107293,CPI;NFP,True,-3.77951527377266,,,0.0040863645114228,0.0035288509441009
P2_single_noisy,1,0.05,2026-11-10,3.973372831412236,FOMC;CPI;NFP,True,1.3856058613282762,0.0047555633043952,,0.0051332185542167,0.0046229872612991
P2_single_noisy,1,0.05,2026-11-12,3.4636563661484563,FOMC;CPI;NFP,True,0.4697651345535236,0.0047433447583384,,0.0045373737175228,0.0047433451276874
P2_single_noisy,1,0.05,2026-11-13,3.763346541722648,FOMC;CPI;NFP,True,0.7629560261662505,0.0051709342520869,,0.0051754365556835,0.0028401725035793
P2_single_noisy,1,0.05,2026-11-09,4.254032055647472,FOMC;CPI;NFP,True,-5.627301806390905,0.0048166435177286,,0.0040401281845082,0.0049977722899813
P2_single_noisy,1,0.05,2026-11-16,3.2934596776331877,FOMC;CPI;NFP,True,1.145744168733187,0.0057207315668318,,0.005730965450837,0.0044824341099942
P2_single_noisy,1,0.05,2026-11-17,4.378510855044191,FOMC;ECB;CPI;NFP,True,2.2170318216718554,0.0055182718697661,0.0054717850558569,0.0053715015033076,0.0038699502990685
P2_single_noisy,1,0.05,2026-11-18,5.513815944313474,FOMC;ECB;CPI;NFP,True,1.7350224832531014,0.0048838875529615,0.0051462346154699,0.004808916186958,0.0036212717952197
P2_single_noisy,1,0.05,2026-11-20,4.040467404165179,FOMC;ECB;CPI;NFP,True,2.4605536870862865,0.0047674282857423,0.0059098382438323,0.0048137267918764,0.0037819343276587
P2_single_noisy,1,0.05,2026-11-19,2.868424407800141,FOMC;ECB;CPI;NFP,True,3.3159850320481965,0.0045727867596838,0.0058146048791066,0.0045728030946996,0.0045728244097363
P2_single_noisy,1,0.05,2026-11-23,2.9224340451934747,FOMC;ECB;CPI;NFP,True,-4.469818228003552,0.0050860647055717,0.003018022897574,0.0050739669330374,0.0036802666805341
P2_single_noisy,1,0.05,2026-11-25,3.840767598317931,FOMC;ECB;CPI;NFP,True,0.3669818364161248,0.0048728095069546,0.0045350453319873,0.0049491536204647,0.0024504090198261
P2_single_noisy,1,0.05,2026-11-24,4.231626417823054,FOMC;ECB;CPI;NFP,True,-1.762265751450154,0.0053208380529003,0.0024845193994559,0.0051432020010445,0.0027800986087487
P2_single_noisy,1,0.05,2026-11-27,4.254620037532971,FOMC;ECB;CPI;NFP,True,-0.56065697077603,0.0049144708310939,0.0052721399798795,0.0050701485596638,0.0037401066714311
P2_single_noisy,1,0.05,2026-11-30,4.159780809421871,FOMC;ECB;CPI;NFP,True,-0.4708707027081593,0.0047699402311158,0.0039757349881001,0.0048545918376434,0.0035989703136443
P2_single_noise_free,1,0.0,2026-10-19,1.4432791174178064e-08,FOMC;ECB;CPI;NFP,True,-2.2807700172933213e-08,0.0055226805131535,0.0055226805131535,0.0040000000576175,0.0035000000291093
P2_single_noise_free,1,0.0,2026-10-20,7.570099404190516e-09,FOMC;ECB;CPI;NFP,True,6.590283874174928e-10,0.0055226805088507,0.0055226805088507,0.0037581717923064,0.0037584763918744
P2_single_noise_free,1,0.0,2026-10-21,3.099076550938662e-09,FOMC;ECB;CPI;NFP,True,-3.462197195602812e-09,0.0055227390678771,0.0055226219488245,0.003758162909073,0.003758485273959
P2_single_noise_free,1,0.0,2026-10-23,0.0,FOMC;ECB;CPI;NFP,True,-2.1477586376050798e-08,0.0055243560561333,0.0055210044518935,0.0039999999988314,0.0034999999990761
P2_single_noise_free,1,0.0,2026-10-22,1.1170731006870938e-08,FOMC;ECB;CPI;NFP,True,-8.512301974406e-10,0.0055412732140773,0.0055040249976035,0.0037877589139882,0.003728656917612
P2_single_noise_free,1,0.0,2026-10-26,2.819801838351448e-08,FOMC;ECB;CPI;NFP,True,-7.594735951244047e-09,0.0055227651397344,0.0055225958713805,0.0039999999585183,0.003499999973124
P2_single_noise_free,1,0.0,2026-10-27,1.2787884230211388e-08,FOMC;ECB;CPI;NFP,True,-4.6469306180796366e-08,0.0055220583961015,0.0055233025502077,0.0037584590613009,0.0037581891219905
P2_single_noise_free,1,0.0,2026-10-28,0.0,ECB;CPI;NFP,True,4.784899143572829e-08,,0.0049999999998999,0.0037585459177132,0.0037581022604594
P2_single_noise_free,1,0.0,2026-10-29,6.641326377732071e-09,CPI;NFP,True,-2.5421975635708804e-08,,,0.0035915979902106,0.0039179616987512
P2_single_noise_free,1,0.0,2026-10-30,6.605634172747811e-09,CPI;NFP,True,2.933928655579621e-08,,,0.0040000000001176,0.0034999999998579
P2_single_noise_free,1,0.0,2026-11-03,0.0,CPI;NFP,True,-4.2237324748839455e-09,,,0.0034420165896869,0.0040500026906449
P2_single_noise_free,1,0.0,2026-11-02,0.0,CPI;NFP,True,3.764988321108831e-10,,,0.0040000000000592,0.0034999999999416
P2_single_noise_free,1,0.0,2026-11-04,0.0,CPI;NFP,True,1.8065615670082025e-08,,,0.0037632020958092,0.0037534397538086
P2_single_noise_free,1,0.0,2026-11-06,0.0,CPI;NFP,True,-1.6424994697672446e-08,,,0.0039999999994858,0.0035000000035613
P2_single_noise_free,1,0.0,2026-11-12,0.0,FOMC;CPI;NFP,True,-1.616407008242504e-09,0.0046274913327539,,0.0046284606456965,0.0046274913327539
P2_single_noise_free,1,0.0,2026-11-10,0.0,FOMC;CPI;NFP,True,-2.3936841397897982e-08,0.0045826770354214,,0.0047153176119095,0.0045841957885058
P2_single_noise_free,1,0.0,2026-11-05,1.063889254184278e-08,CPI;NFP,True,7.479350472294756e-08,,,0.0039999999987289,0.0034999999997604
P2_single_noise_free,1,0.0,2026-11-13,0.0,FOMC;CPI;NFP,True,2.088282879952885e-08,0.0051000277669076,,0.0050980110603797,0.0034999999994044
P2_single_noise_free,1,0.0,2026-11-16,0.0,FOMC;CPI;NFP,True,-7.998590678681694e-09,0.0050994955078867,,0.0050985434777733,0.0035000000025197
P2_single_noise_free,1,0.0,2026-11-17,0.0,FOMC;ECB;CPI;NFP,True,4.809219689150268e-09,0.0050360669069072,0.0050188971195665,0.0051428301353469,0.0034999999992069
P2_single_noise_free,1,0.0,2026-11-19,1.6268500914015258e-08,FOMC;ECB;CPI;NFP,True,-3.322764285940138e-09,0.0046278618062596,0.0049999999942912,0.0046277202678602,0.0046278612984567
P2_single_noise_free,1,0.0,2026-11-23,1.0155898893593831e-08,FOMC;ECB;CPI;NFP,True,2.6749158443806212e-08,0.0050987743893254,0.0050000000014223,0.0050992646271624,0.0035000000007459
P2_single_noise_free,1,0.0,2026-11-18,2.1650459203215174e-09,FOMC;ECB;CPI;NFP,True,1.2582912489733644e-08,0.0050662849633045,0.0050662026113947,0.0050661965774343,0.0034999999990243
P2_single_noise_free,1,0.0,2026-11-20,2.560285317088073e-09,FOMC;ECB;CPI;NFP,True,3.589217811850176e-09,0.0050989332730477,0.0049999999998706,0.0050991057527061,0.0035000000005195
P2_single_noise_free,1,0.0,2026-11-09,8.38850657217857e-08,FOMC;CPI;NFP,True,-2.427241518887513e-07,0.0049360793017941,,0.0040000000006315,0.0048872406543624
P2_single_noise_free,1,0.0,2026-11-24,0.0,FOMC;ECB;CPI;NFP,True,9.77724567974292e-09,0.0051254392141535,0.0050000000021001,0.005072462210469,0.0035000000016065
P2_single_noise_free,1,0.0,2026-11-27,0.0,FOMC;ECB;CPI;NFP,True,-2.401145948738304e-08,0.0050989509932802,0.00499999999946,0.0050990880326754,0.0034999999999584
P2_single_noise_free,1,0.0,2026-11-25,1.088523715608858e-08,FOMC;ECB;CPI;NFP,True,3.185274266570559e-09,0.0050990137963751,0.0049999999961324,0.0050990252278197,0.0034999999985532
P2_single_noise_free,1,0.0,2026-11-30,0.0,FOMC;ECB;CPI;NFP,True,2.0224644181610077e-08,0.005111294293638,0.0049999999993115,0.0050867151130651,0.0034999999988244
P4_single_no_ON_noise_free,1,0.0,2026-10-20,0.0,FOMC;ECB;CPI;NFP,True,-7.257205947297507e-09,0.0055226894992828,0.0055226715177179,0.0037549144619809,0.0037617306377081
P4_single_no_ON_noise_free,1,0.0,2026-10-19,0.0,FOMC;ECB;CPI;NFP,True,-3.5326930269974355e-08,0.0055226648672726,0.0055226961468258,0.0039999999779164,0.0034999999902321
P4_single_no_ON_noise_free,1,0.0,2026-10-21,0.0,FOMC;ECB;CPI;NFP,True,2.6962521104678672e-08,0.0055241519952943,0.0055212086300931,0.0037619199449047,0.0037547248006074
P4_single_no_ON_noise_free,1,0.0,2026-10-23,0.0,FOMC;ECB;CPI;NFP,True,6.131262164643658e-08,0.0055224864181326,0.0055228745896354,0.0039999999986121,0.0034999999972425
P4_single_no_ON_noise_free,1,0.0,2026-10-22,4.595880617466991,FOMC;ECB;CPI;NFP,True,15.302128406594772,0.0055348731480103,0.0052173167288078,0.0039611000121469,0.0035798458580793
P4_single_no_ON_noise_free,1,0.0,2026-10-28,0.0,ECB;CPI;NFP,True,8.476623847286646e-08,,0.0049999999984667,0.0037479630992348,0.0037686566042891
P4_single_no_ON_noise_free,1,0.0,2026-10-30,0.0,CPI;NFP,True,-6.528988460985374e-09,,,0.0040000000007862,0.0035000000011876
P4_single_no_ON_noise_free,1,0.0,2026-10-29,0.0,CPI;NFP,True,2.5059154751261303e-08,,,0.0038322393458479,0.0036829256848967
P4_single_no_ON_noise_free,1,0.0,2026-10-26,0.0,FOMC;ECB;CPI;NFP,True,4.2154164603402933e-07,0.0055082566315271,0.0055370667841583,0.0040000000100833,0.0034999999832331
P4_single_no_ON_noise_free,1,0.0,2026-11-02,0.0,CPI;NFP,True,-4.6677672838058015e-08,,,0.0039999999990721,0.0034999999986605
P4_single_no_ON_noise_free,1,0.0,2026-11-06,0.0,CPI;NFP,True,1.2474710153753676e-08,,,0.0039999999995943,0.0035000000008244
P4_single_no_ON_noise_free,1,0.0,2026-11-03,5.014929402490556,CPI;NFP,True,15.4827645644694,,,0.0035630033685252,0.0033599964587064
P4_single_no_ON_noise_free,1,0.0,2026-11-05,0.0,CPI;NFP,True,-7.623413011970115e-09,,,0.0039999999956609,0.0035000000034165
P4_single_no_ON_noise_free,1,0.0,2026-11-04,2.2282803141089082e-08,CPI;NFP,True,2.030791534934906e-07,,,0.0037131636223357,0.0038029483162944
P4_single_no_ON_noise_free,1,0.0,2026-11-12,3.786547280594234e-09,FOMC;CPI;NFP,True,-2.5496671440805585e-08,0.0046343641863842,,0.0046146574703482,0.0046343937060441
P4_single_no_ON_noise_free,1,0.0,2026-10-27,6.61130740609636e-08,FOMC;ECB;CPI;NFP,True,1.7586474498898497e-07,0.0055238303571529,0.005521530388797,0.0037571149281054,0.0037595328511292
P4_single_no_ON_noise_free,1,0.0,2026-11-09,1.0056801454476528e-08,FOMC;CPI;NFP,True,1.2941736571292497e-07,0.0049082368585537,,0.0039999999940721,0.0049152020357631
P4_single_no_ON_noise_free,1,0.0,2026-11-13,2.481044632755324e-09,FOMC;CPI;NFP,True,7.993694595143097e-09,0.0050988301204215,,0.0050992089034206,0.0035000000013353
P4_single_no_ON_noise_free,1,0.0,2026-11-10,0.0,FOMC;CPI;NFP,True,-3.405709048109884e-09,0.0046239996483175,,0.0046354346608873,0.0046239996483175
P4_single_no_ON_noise_free,1,0.0,2026-11-16,0.0,FOMC;CPI;NFP,True,2.2102830676828944e-08,0.0050999886256621,,0.0050980502182356,0.0035000000007993
P4_single_no_ON_noise_free,1,0.0,2026-11-19,0.0,FOMC;ECB;CPI;NFP,True,3.441709139906379e-08,0.004627445370338,0.0049999999999969,0.0046285525487411,0.004627445370338
P4_single_no_ON_noise_free,1,0.0,2026-11-18,5.066096388883499e-08,FOMC;ECB;CPI;NFP,True,-1.3761266570710973e-07,0.0056150858586309,0.0036423505246716,0.0056748650658741,0.0035000000035375
P4_single_no_ON_noise_free,1,0.0,2026-11-23,1.919227130299004e-08,FOMC;ECB;CPI;NFP,True,8.281890728767395e-08,0.0051215964253275,0.0049999999906121,0.0050763421884921,0.003499999999021
P4_single_no_ON_noise_free,1,0.0,2026-11-24,0.0,FOMC;ECB;CPI;NFP,True,-2.764642959007801e-08,0.0050990661537757,0.005000000001491,0.005098972873183,0.0035000000001109
P4_single_no_ON_noise_free,1,0.0,2026-11-25,8.117483269318681e-09,FOMC;ECB;CPI;NFP,True,-6.270512997730293e-08,0.0060931557472881,0.0050000000107533,0.0038566116101588,0.0035000000042137
P4_single_no_ON_noise_free,1,0.0,2026-11-17,0.0,FOMC;ECB;CPI;NFP,True,1.965254625702073e-08,0.00505617412042,0.0051172790076579,0.0050247944055848,0.0035000000000167
P4_single_no_ON_noise_free,1,0.0,2026-11-27,0.0,FOMC;ECB;CPI;NFP,True,7.739320295740981e-09,0.0050649493532621,0.0049999999991664,0.0051328635319693,0.0034999999984431
P4_single_no_ON_noise_free,1,0.0,2026-11-30,2.225560836709264e-09,FOMC;ECB;CPI;NFP,True,1.3753442829056441e-08,0.0051298308380434,0.0050000000005089,0.0050680208740055,0.0034999999998188
P4_single_no_ON_noise_free,1,0.0,2026-11-20,0.0,FOMC;ECB;CPI;NFP,True,-4.001261544317458e-08,0.0050955126004801,0.005000000008635,0.0051025240199719,0.0035000000009175
