model,subset,n,iv_rmse_volpts,iv_mae_volpts,case
Heston,full,70,0.5115465057536364,0.32465804310442337,all_events_spanned
Heston,event_spanning,60,0.354317209013709,0.2175908508298575,all_events_spanned
Heston,non_event,10,1.0385156162627986,0.9670611967518185,all_events_spanned
Heston,FOMC_spanning,60,0.354317209013709,0.2175908508298575,all_events_spanned
Heston,ECB_spanning,45,0.17699648916192529,0.1332717241919154,all_events_spanned
Heston,CPI_spanning,35,0.13271577517938515,0.10373586052089463,all_events_spanned
Heston,NFP_spanning,25,0.1089906111230174,0.08753612706963315,all_events_spanned
Heston,before_FOMC-1,10,1.0385156162627986,0.9670611967518185,all_events_spanned
Heston,after_FOMC-1,15,0.6388892446160874,0.4705482307436837,all_events_spanned
Heston,before_ECB-1,15,0.6388892446160874,0.4705482307436837,all_events_spanned
Heston,after_ECB-1,15,0.27057828339316725,0.23822738196532725,all_events_spanned
Heston,before_CPI-1,15,0.23880858420053547,0.18889650295612165,all_events_spanned
Heston,after_CPI-1,5,0.2469460398982077,0.24138765181500543,all_events_spanned
Heston,before_NFP-1,5,0.05401134773364353,0.04708273648309114,all_events_spanned
Heston,after_NFP-1,5,0.06403242249584959,0.04900262142530004,all_events_spanned
Bates,full,70,0.4924930119822516,0.31202868714163423,all_events_spanned
Bates,event_spanning,60,0.3342872792092173,0.20232278221379235,all_events_spanned
Bates,non_event,10,1.0135865319314599,0.9702641167086856,all_events_spanned
Bates,FOMC_spanning,60,0.3342872792092173,0.20232278221379235,all_events_spanned
Bates,ECB_spanning,45,0.1608627296932818,0.12702773115816654,all_events_spanned
Bates,CPI_spanning,35,0.1368636258987285,0.11528193793077866,all_events_spanned
Bates,NFP_spanning,25,0.13200205060277737,0.11047967902810181,all_events_spanned
Bates,before_FOMC-1,10,1.0135865319314599,0.9702641167086856,all_events_spanned
Bates,after_FOMC-1,15,0.6077511717399509,0.42820793538066987,all_events_spanned
Bates,before_ECB-1,15,0.6077511717399509,0.42820793538066987,all_events_spanned
Bates,after_ECB-1,15,0.2103454902800158,0.162899954282106,all_events_spanned
Bates,before_CPI-1,15,0.21331325830307038,0.15642220677240812,all_events_spanned
Bates,after_CPI-1,5,0.1759712483989523,0.15242384793826974,all_events_spanned
Bates,before_NFP-1,5,0.11416206716441749,0.10215132243667185,all_events_spanned
Bates,after_NFP-1,5,0.04757661068759929,0.044873883756409993,all_events_spanned
HB-MJ,full,70,4.294658458096385e-11,1.0150848415792421e-11,all_events_spanned
HB-MJ,event_spanning,60,4.6387613091911327e-11,1.1842656485091158e-11,all_events_spanned
HB-MJ,non_event,10,0.0,0.0,all_events_spanned
HB-MJ,FOMC_spanning,60,4.6387613091911327e-11,1.1842656485091158e-11,all_events_spanned
HB-MJ,ECB_spanning,45,5.3563801811358415e-11,1.5790208646788213e-11,all_events_spanned
HB-MJ,CPI_spanning,35,6.073564237200232e-11,2.0301696831584842e-11,all_events_spanned
HB-MJ,NFP_spanning,25,7.186338119011427e-11,2.8422375564218783e-11,all_events_spanned
HB-MJ,before_FOMC-1,10,0.0,0.0,all_events_spanned
HB-MJ,after_FOMC-1,15,0.0,0.0,all_events_spanned
HB-MJ,before_ECB-1,15,0.0,0.0,all_events_spanned
HB-MJ,after_ECB-1,15,0.0,0.0,all_events_spanned
HB-MJ,before_CPI-1,15,0.0,0.0,all_events_spanned
HB-MJ,after_CPI-1,5,0.0,0.0,all_events_spanned
HB-MJ,before_NFP-1,5,0.0,0.0,all_events_spanned
HB-MJ,after_NFP-1,5,0.0,0.0,all_events_spanned
Heston,full,70,0.517605448810243,0.33671102460750646,all_events_spanned_noise5bp
Heston,event_spanning,60,0.36119761107255755,0.23156856115640057,all_events_spanned_noise5bp
Heston,non_event,10,1.0452872901739676,0.967565805314142,all_events_spanned_noise5bp
Heston,FOMC_spanning,60,0.36119761107255755,0.23156856115640057,all_events_spanned_noise5bp
Heston,ECB_spanning,45,0.20335454077033327,0.15506085389842666,all_events_spanned_noise5bp
Heston,CPI_spanning,35,0.1562120732744505,0.12084919941495287,all_events_spanned_noise5bp
Heston,NFP_spanning,25,0.13368581457932668,0.10239314638111348,all_events_spanned_noise5bp
Heston,before_FOMC-1,10,1.0452872901739676,0.967565805314142,all_events_spanned_noise5bp
Heston,after_FOMC-1,15,0.6307104321496123,0.4610916829303222,all_events_spanned_noise5bp
Heston,before_ECB-1,15,0.6307104321496123,0.4610916829303222,all_events_spanned_noise5bp
Heston,after_ECB-1,15,0.29774741504414054,0.26325801962065587,all_events_spanned_noise5bp
Heston,before_CPI-1,15,0.26664555778430743,0.2133699662456486,all_events_spanned_noise5bp
Heston,after_CPI-1,5,0.25416221018495433,0.24017076968079754,all_events_spanned_noise5bp
Heston,before_NFP-1,5,0.12983670002015849,0.09380789431830516,all_events_spanned_noise5bp
Heston,after_NFP-1,5,0.07963095425330864,0.06759307945414156,all_events_spanned_noise5bp
Bates,full,70,0.49400295716658227,0.3279545240492957,all_events_spanned_noise5bp
Bates,event_spanning,60,0.339754444026964,0.22155390568426048,all_events_spanned_noise5bp
Bates,non_event,10,1.0078065084175973,0.9663582342395071,all_events_spanned_noise5bp
Bates,FOMC_spanning,60,0.339754444026964,0.22155390568426048,all_events_spanned_noise5bp
Bates,ECB_spanning,45,0.18595226444942645,0.15471947310893808,all_events_spanned_noise5bp
Bates,CPI_spanning,35,0.1608881765770232,0.13710211482192716,all_events_spanned_noise5bp
Bates,NFP_spanning,25,0.15233326579069387,0.12778081869932384,all_events_spanned_noise5bp
Bates,before_FOMC-1,10,1.0078065084175973,0.9663582342395071,all_events_spanned_noise5bp
Bates,after_FOMC-1,15,0.5983290022911117,0.42205720341022773,all_events_spanned_noise5bp
Bates,before_ECB-1,15,0.5983290022911117,0.42205720341022773,all_events_spanned_noise5bp
Bates,after_ECB-1,15,0.23514405007895436,0.20312588381628174,all_events_spanned_noise5bp
Bates,before_CPI-1,15,0.2269430780633462,0.1845515150796236,all_events_spanned_noise5bp
Bates,after_CPI-1,5,0.18939115215271377,0.17661719722189273,all_events_spanned_noise5bp
Bates,before_NFP-1,5,0.17116924282689483,0.14419351303497835,all_events_spanned_noise5bp
Bates,after_NFP-1,5,0.063672703671705,0.04506300488151732,all_events_spanned_noise5bp
HB-MJ,full,70,0.045569477295743434,0.03634712006408602,all_events_spanned_noise5bp
HB-MJ,event_spanning,60,0.04630505688711108,0.03631524508633639,all_events_spanned_noise5bp
HB-MJ,non_event,10,0.04087898074976155,0.03653836993058379,all_events_spanned_noise5bp
HB-MJ,FOMC_spanning,60,0.04630505688711108,0.03631524508633639,all_events_spanned_noise5bp
HB-MJ,ECB_spanning,45,0.04949159677149383,0.039029094791168485,all_events_spanned_noise5bp
HB-MJ,CPI_spanning,35,0.050190486488449,0.0387684962056975,all_events_spanned_noise5bp
HB-MJ,NFP_spanning,25,0.04194004310571636,0.03345830550913653,all_events_spanned_noise5bp
HB-MJ,before_FOMC-1,10,0.04087898074976155,0.03653836993058379,all_events_spanned_noise5bp
HB-MJ,after_FOMC-1,15,0.035048234196574844,0.02817369597184011,all_events_spanned_noise5bp
HB-MJ,before_ECB-1,15,0.035048234196574844,0.02817369597184011,all_events_spanned_noise5bp
HB-MJ,after_ECB-1,15,0.04624027272710326,0.03841003693695055,all_events_spanned_noise5bp
HB-MJ,before_CPI-1,15,0.046105939769670035,0.038226324798628086,all_events_spanned_noise5bp
HB-MJ,after_CPI-1,5,0.044758458913725964,0.035347731130217774,all_events_spanned_noise5bp
HB-MJ,before_NFP-1,5,0.08267671265085379,0.06874021476398207,all_events_spanned_noise5bp
HB-MJ,after_NFP-1,5,0.0463375444119701,0.037571176444689824,all_events_spanned_noise5bp
Heston,full,70,0.48838085715490076,0.30039206474639024,ecb_not_spanned
Heston,event_spanning,60,0.3833353424553173,0.2145414062704919,ecb_not_spanned
Heston,non_event,10,0.8876570975300525,0.8154960156017801,ecb_not_spanned
Heston,FOMC_spanning,60,0.3833353424553173,0.2145414062704919,ecb_not_spanned
Heston,CPI_spanning,35,0.11634257627234776,0.09547994288984163,ecb_not_spanned
Heston,NFP_spanning,25,0.11909245548683221,0.09403433848239773,ecb_not_spanned
Heston,before_FOMC-1,10,0.8876570975300525,0.8154960156017801,ecb_not_spanned
Heston,after_FOMC-1,15,0.7401414507409873,0.5717791293090363,ecb_not_spanned
Heston,before_CPI-1,15,0.12046469318759596,0.10184165906888569,ecb_not_spanned
Heston,after_CPI-1,5,0.08011998210151461,0.07430223438948613,ecb_not_spanned
Heston,before_NFP-1,5,0.13196548440575956,0.12388567342741658,ecb_not_spanned
Heston,after_NFP-1,5,0.07921743877715438,0.06895727824881182,ecb_not_spanned
Bates,full,70,0.4755513750630943,0.29721566546712097,ecb_not_spanned
Bates,event_spanning,60,0.3632431981968397,0.20505149781413465,ecb_not_spanned
Bates,non_event,10,0.88958981899142,0.8502006713850387,ecb_not_spanned
Bates,FOMC_spanning,60,0.3632431981968397,0.20505149781413465,ecb_not_spanned
Bates,CPI_spanning,35,0.11365872544320069,0.10011244058840642,ecb_not_spanned
Bates,NFP_spanning,25,0.11072054079933875,0.0986054578689966,ecb_not_spanned
Bates,before_FOMC-1,10,0.88958981899142,0.8502006713850387,ecb_not_spanned
Bates,after_FOMC-1,15,0.6948043413874686,0.5051967424540078,ecb_not_spanned
Bates,before_CPI-1,15,0.14007787373640532,0.1168742005836118,ecb_not_spanned
Bates,after_CPI-1,5,0.06433935533881323,0.05675062846744322,ecb_not_spanned
Bates,before_NFP-1,5,0.15809300321553077,0.15100916630641864,ecb_not_spanned
Bates,after_NFP-1,5,0.07311447071396839,0.06717297033980524,ecb_not_spanned
HB-MJ,full,70,6.485589453025071e-11,2.156941292241754e-11,ecb_not_spanned
HB-MJ,event_spanning,60,7.005237253564058e-11,2.5164315076153798e-11,ecb_not_spanned
HB-MJ,non_event,10,0.0,0.0,ecb_not_spanned
HB-MJ,FOMC_spanning,60,7.005237253564058e-11,2.5164315076153798e-11,ecb_not_spanned
HB-MJ,CPI_spanning,35,7.871342559970857e-11,3.202355047804417e-11,ecb_not_spanned
HB-MJ,NFP_spanning,25,9.313498116979032e-11,4.483297066926184e-11,ecb_not_spanned
HB-MJ,before_FOMC-1,10,0.0,0.0,ecb_not_spanned
HB-MJ,after_FOMC-1,15,0.0,0.0,ecb_not_spanned
HB-MJ,before_CPI-1,15,7.191985165673443e-11,2.5935642522512122e-11,ecb_not_spanned
HB-MJ,after_CPI-1,5,0.0,0.0,ecb_not_spanned
HB-MJ,before_NFP-1,5,0.0,0.0,ecb_not_spanned
HB-MJ,after_NFP-1,5,5.624491440950853e-11,2.5153490401663703e-11,ecb_not_spanned
Heston,full,70,0.48838085715490076,0.30039206474639024,ecb_true_zero
Heston,event_spanning,60,0.3833353424553173,0.2145414062704919,ecb_true_zero
Heston,non_event,10,0.8876570975300525,0.8154960156017801,ecb_true_zero
Heston,FOMC_spanning,60,0.3833353424553173,0.2145414062704919,ecb_true_zero
Heston,ECB_spanning,45,0.11543334584132425,0.09546216525764373,ecb_true_zero
Heston,CPI_spanning,35,0.11634257627234776,0.09547994288984163,ecb_true_zero
Heston,NFP_spanning,25,0.11909245548683221,0.09403433848239773,ecb_true_zero
Heston,before_FOMC-1,10,0.8876570975300525,0.8154960156017801,ecb_true_zero
Heston,after_FOMC-1,15,0.7401414507409873,0.5717791293090363,ecb_true_zero
Heston,before_ECB-1,15,0.7401414507409873,0.5717791293090363,ecb_true_zero
Heston,after_ECB-1,15,0.10262189848377491,0.08836737382646277,ecb_true_zero
Heston,before_CPI-1,15,0.12046469318759596,0.10184165906888569,ecb_true_zero
Heston,after_CPI-1,5,0.08011998210151461,0.07430223438948613,ecb_true_zero
Heston,before_NFP-1,5,0.13196548440575956,0.12388567342741658,ecb_true_zero
Heston,after_NFP-1,5,0.07921743877715438,0.06895727824881182,ecb_true_zero
Bates,full,70,0.4755513750630943,0.29721566546712097,ecb_true_zero
Bates,event_spanning,60,0.3632431981968397,0.20505149781413465,ecb_true_zero
Bates,non_event,10,0.88958981899142,0.8502006713850387,ecb_true_zero
Bates,FOMC_spanning,60,0.3632431981968397,0.20505149781413465,ecb_true_zero
Bates,ECB_spanning,45,0.12251450435791975,0.1050030829341769,ecb_true_zero
Bates,CPI_spanning,35,0.11365872544320069,0.10011244058840642,ecb_true_zero
Bates,NFP_spanning,25,0.11072054079933875,0.0986054578689966,ecb_true_zero
Bates,before_FOMC-1,10,0.88958981899142,0.8502006713850387,ecb_true_zero
Bates,after_FOMC-1,15,0.6948043413874686,0.5051967424540078,ecb_true_zero
Bates,before_ECB-1,15,0.6948043413874686,0.5051967424540078,ecb_true_zero
Bates,after_ECB-1,15,0.12754037996180484,0.10033043025206347,ecb_true_zero
Bates,before_CPI-1,15,0.14007787373640532,0.1168742005836118,ecb_true_zero
Bates,after_CPI-1,5,0.06433935533881323,0.05675062846744322,ecb_true_zero
Bates,before_NFP-1,5,0.15809300321553077,0.15100916630641864,ecb_true_zero
Bates,after_NFP-1,5,0.07311447071396839,0.06717297033980524,ecb_true_zero
HB-MJ,full,70,2.77849032758968e-10,1.515160219511813e-10,ecb_true_zero
HB-MJ,event_spanning,60,2.868876267783666e-10,1.6075647757407552e-10,ecb_true_zero
HB-MJ,non_event,10,2.1580901891375622e-10,9.607328821381601e-11,ecb_true_zero
HB-MJ,FOMC_spanning,60,2.868876267783666e-10,1.6075647757407552e-10,ecb_true_zero
HB-MJ,ECB_spanning,45,2.7721003416935455e-10,1.461756024865066e-10,ecb_true_zero
HB-MJ,CPI_spanning,35,1.0313366158703671e-10,6.097217968609973e-11,ecb_true_zero
HB-MJ,NFP_spanning,25,1.1624422578575929e-10,7.79355469049392e-11,ecb_true_zero
HB-MJ,before_FOMC-1,10,2.1580901891375622e-10,9.607328821381601e-11,ecb_true_zero
HB-MJ,after_FOMC-1,15,3.141366461614584e-10,2.0449910283678227e-10,ecb_true_zero
HB-MJ,before_ECB-1,15,3.141366461614584e-10,2.0449910283678227e-10,ecb_true_zero
HB-MJ,after_ECB-1,15,4.5356100741103055e-10,2.962583881919537e-10,ecb_true_zero
HB-MJ,before_CPI-1,15,5.226062522623488e-10,4.2249111616617563e-10,ecb_true_zero
HB-MJ,after_CPI-1,5,0.0,0.0,ecb_true_zero
HB-MJ,before_NFP-1,5,8.301966588581868e-11,3.712752327800217e-11,ecb_true_zero
HB-MJ,after_NFP-1,5,9.367682744727979e-11,5.873523889476928e-11,ecb_true_zero
Heston,full,70,0.1500354316096418,0.10581735939828472,all_sigmas_zero
Heston,event_spanning,60,0.12457691313725659,0.08931309811453905,all_sigmas_zero
Heston,non_event,10,0.2538857448680314,0.20484292710075874,all_sigmas_zero
Heston,FOMC_spanning,60,0.12457691313725659,0.08931309811453905,all_sigmas_zero
Heston,ECB_spanning,45,0.11009188033589597,0.08119044645469778,all_sigmas_zero
Heston,CPI_spanning,35,0.11798581443822538,0.08658327176533662,all_sigmas_zero
Heston,NFP_spanning,25,0.13119334361243526,0.0965806459938755,all_sigmas_zero
Heston,before_FOMC-1,10,0.2538857448680314,0.20484292710075874,all_sigmas_zero
Heston,after_FOMC-1,15,0.1603650922100897,0.11368105309406287,all_sigmas_zero
Heston,before_ECB-1,15,0.1603650922100897,0.11368105309406287,all_sigmas_zero
Heston,after_ECB-1,15,0.07247855332181188,0.05819637469665582,all_sigmas_zero
Heston,before_CPI-1,15,0.08443136981361403,0.06817645974069374,all_sigmas_zero
Heston,after_CPI-1,5,0.06420272496077205,0.049958008355043826,all_sigmas_zero
Heston,before_NFP-1,5,0.08522974790012222,0.07322166403293501,all_sigmas_zero
Heston,after_NFP-1,5,0.08771875596126526,0.07442641615728468,all_sigmas_zero
Bates,full,70,1.0112335943928408e-11,1.641524218141756e-12,all_sigmas_zero
Bates,event_spanning,60,1.0922571184631581e-11,1.915111587832049e-12,all_sigmas_zero
Bates,non_event,10,0.0,0.0,all_sigmas_zero
Bates,FOMC_spanning,60,1.0922571184631581e-11,1.915111587832049e-12,all_sigmas_zero
Bates,ECB_spanning,45,1.2612298827379786e-11,2.5534821171093983e-12,all_sigmas_zero
Bates,CPI_spanning,35,1.4301002639176488e-11,3.283048436283512e-12,all_sigmas_zero
Bates,NFP_spanning,25,1.6921174518337254e-11,4.596267810796917e-12,all_sigmas_zero
Bates,before_FOMC-1,10,0.0,0.0,all_sigmas_zero
Bates,after_FOMC-1,15,0.0,0.0,all_sigmas_zero
Bates,before_ECB-1,15,0.0,0.0,all_sigmas_zero
Bates,after_ECB-1,15,0.0,0.0,all_sigmas_zero
Bates,before_CPI-1,15,0.0,0.0,all_sigmas_zero
Bates,after_CPI-1,5,0.0,0.0,all_sigmas_zero
Bates,before_NFP-1,5,0.0,0.0,all_sigmas_zero
Bates,after_NFP-1,5,0.0,0.0,all_sigmas_zero
HB-MJ,full,70,6.049633810688849e-10,4.3812753028734825e-10,all_sigmas_zero
HB-MJ,event_spanning,60,5.960336275997808e-10,4.424865797843699e-10,all_sigmas_zero
HB-MJ,non_event,10,6.559941582526116e-10,4.119732333052184e-10,all_sigmas_zero
HB-MJ,FOMC_spanning,60,5.960336275997808e-10,4.424865797843699e-10,all_sigmas_zero
HB-MJ,ECB_spanning,45,6.069333226000251e-10,4.6014846254315167e-10,all_sigmas_zero
HB-MJ,CPI_spanning,35,6.321355385913863e-10,4.816692283122441e-10,all_sigmas_zero
HB-MJ,NFP_spanning,25,6.118808792755328e-10,4.875523873515419e-10,all_sigmas_zero
HB-MJ,before_FOMC-1,10,6.559941582526116e-10,4.119732333052184e-10,all_sigmas_zero
HB-MJ,after_FOMC-1,15,5.620677598582736e-10,3.8950093150802445e-10,all_sigmas_zero
HB-MJ,before_ECB-1,15,5.620677598582736e-10,3.8950093150802445e-10,all_sigmas_zero
HB-MJ,after_ECB-1,15,6.528483296204874e-10,5.004644846688204e-10,all_sigmas_zero
HB-MJ,before_CPI-1,15,5.635238925532794e-10,4.2104116489601517e-10,all_sigmas_zero
HB-MJ,after_CPI-1,5,8.720594450928106e-10,7.317418893038052e-10,all_sigmas_zero
HB-MJ,before_NFP-1,5,4.0581848918078885e-10,2.0218077212419416e-10,all_sigmas_zero
HB-MJ,after_NFP-1,5,9.454656301128841e-10,8.706624310406141e-10,all_sigmas_zero
Heston,full,50,0.4748573602871322,0.28866043457191964,fomc_ecb_adjacent
Heston,event_spanning,45,0.3319292928401562,0.202832773798242,fomc_ecb_adjacent
Heston,non_event,5,1.123966915518574,1.0611093815350188,fomc_ecb_adjacent
Heston,FOMC_spanning,45,0.3319292928401562,0.202832773798242,fomc_ecb_adjacent
Heston,ECB_spanning,45,0.3319292928401562,0.202832773798242,fomc_ecb_adjacent
Heston,CPI_spanning,35,0.13977712331485867,0.11824958250838899,fomc_ecb_adjacent
Heston,NFP_spanning,25,0.12637449364545605,0.11108385189893333,fomc_ecb_adjacent
Heston,before_FOMC-adj,5,1.123966915518574,1.0611093815350188,fomc_ecb_adjacent
Heston,after_FOMC-adj,5,0.9193740044017249,0.918686716049447,fomc_ecb_adjacent
Heston,before_ECB-adj,5,1.123966915518574,1.0611093815350188,fomc_ecb_adjacent
Heston,after_ECB-adj,5,0.9193740044017249,0.918686716049447,fomc_ecb_adjacent
Heston,before_CPI-1,5,0.09788477728120983,0.07906117057600803,fomc_ecb_adjacent
Heston,after_CPI-1,5,0.23196056821816324,0.22755130740026466,fomc_ecb_adjacent
Heston,before_NFP-1,5,0.05572468919985363,0.04477651066379151,fomc_ecb_adjacent
Heston,after_NFP-1,5,0.048971505851299744,0.04240287660806752,fomc_ecb_adjacent
Bates,full,50,0.45171247861786057,0.2896290623681558,fomc_ecb_adjacent
Bates,event_spanning,45,0.318160565196805,0.21312388814164143,fomc_ecb_adjacent
Bates,non_event,5,1.0627353039086254,0.9781756304067847,fomc_ecb_adjacent
Bates,FOMC_spanning,45,0.318160565196805,0.21312388814164143,fomc_ecb_adjacent
Bates,ECB_spanning,45,0.318160565196805,0.21312388814164143,fomc_ecb_adjacent
Bates,CPI_spanning,35,0.17126550197955512,0.1500625582269212,fomc_ecb_adjacent
Bates,NFP_spanning,25,0.17618013107557537,0.15366459244272807,fomc_ecb_adjacent
Bates,before_FOMC-adj,5,1.0627353039086254,0.9781756304067847,fomc_ecb_adjacent
Bates,after_FOMC-adj,5,0.829217994589232,0.7683703886095528,fomc_ecb_adjacent
Bates,before_ECB-adj,5,1.0627353039086254,0.9781756304067847,fomc_ecb_adjacent
Bates,after_ECB-adj,5,0.829217994589232,0.7683703886095528,fomc_ecb_adjacent
Bates,before_CPI-1,5,0.13457235781691124,0.0993066970767717,fomc_ecb_adjacent
Bates,after_CPI-1,5,0.17568232843719062,0.15263063112095965,fomc_ecb_adjacent
Bates,before_NFP-1,5,0.1387862807485506,0.1294843142538485,fomc_ecb_adjacent
Bates,after_NFP-1,5,0.07201493606816198,0.059462808808203316,fomc_ecb_adjacent
HB-MJ,full,50,2.6319765613231355e-11,6.347422587538176e-12,fomc_ecb_adjacent
HB-MJ,event_spanning,45,2.7743468939863144e-11,7.052691763931307e-12,fomc_ecb_adjacent
HB-MJ,non_event,5,0.0,0.0,fomc_ecb_adjacent
HB-MJ,FOMC_spanning,45,2.7743468939863144e-11,7.052691763931307e-12,fomc_ecb_adjacent
HB-MJ,ECB_spanning,45,2.7743468939863144e-11,7.052691763931307e-12,fomc_ecb_adjacent
HB-MJ,CPI_spanning,35,3.145813685190971e-11,9.067746553625966e-12,fomc_ecb_adjacent
HB-MJ,NFP_spanning,25,3.72217694887128e-11,1.2694845175076352e-11,fomc_ecb_adjacent
HB-MJ,before_FOMC-adj,5,0.0,0.0,fomc_ecb_adjacent
HB-MJ,after_FOMC-adj,5,0.0,0.0,fomc_ecb_adjacent
HB-MJ,before_ECB-adj,5,0.0,0.0,fomc_ecb_adjacent
HB-MJ,after_ECB-adj,5,0.0,0.0,fomc_ecb_adjacent
HB-MJ,before_CPI-1,5,0.0,0.0,fomc_ecb_adjacent
HB-MJ,after_CPI-1,5,0.0,0.0,fomc_ecb_adjacent
HB-MJ,before_NFP-1,5,0.0,0.0,fomc_ecb_adjacent
HB-MJ,after_NFP-1,5,0.0,0.0,fomc_ecb_adjacent
