model,n,k,iv_rmse_volpts,iv_mae_volpts,price_rmse_pips,weighted_obj,aic,bic,case
Heston,70,5,0.5115465057536364,0.32465804310442337,1.5841363498949845,0.0009263719424732576,-727.7707959801015,-716.5283197698548,all_events_spanned
Bates,70,8,0.4924930119822516,0.31202868714163423,1.9054984683881342,0.0007605727084577317,-735.5750834339825,-717.5871214975876,all_events_spanned
HB-MJ,70,12,4.294658458096385e-11,1.0150848415792421e-11,7.377903547737081e-10,4.7969498232576035e-24,-1265.4476520766657,-1238.4657091720733,all_events_spanned
Heston,70,5,0.517605448810243,0.33671102460750646,1.6692422622686658,0.0009355246728113091,-727.0825770110284,-715.8401008007817,all_events_spanned_noise5bp
Bates,70,8,0.49400295716658227,0.3279545240492957,1.9772810764666198,0.0007649668277772776,-735.171830426498,-717.1838684901031,all_events_spanned_noise5bp
HB-MJ,70,12,0.045569477295743434,0.03634712006408602,0.3175139968732211,6.426297133575252e-06,-1061.7322084388459,-1034.7502655342535,all_events_spanned_noise5bp
Heston,70,5,0.48838085715490076,0.30039206474639024,1.4739000930838684,0.0008647144668304324,-732.5921484215727,-721.3496722113259,ecb_not_spanned
Bates,70,8,0.4755513750630943,0.29721566546712097,1.6924333347779232,0.0007579314735786499,-735.818594950348,-717.8306330139532,ecb_not_spanned
HB-MJ,70,11,6.485589453025071e-11,2.156941292241754e-11,8.237931097033729e-10,1.2971550412503993e-23,-1267.4476520766657,-1242.7142044141228,ecb_not_spanned
Heston,70,5,0.48838085715490076,0.30039206474639024,1.4739000930838684,0.0008647144668304324,-732.5921484215727,-721.3496722113259,ecb_true_zero
Bates,70,8,0.4755513750630943,0.29721566546712097,1.6924333347779232,0.0007579314735786499,-735.818594950348,-717.8306330139532,ecb_true_zero
HB-MJ,70,12,2.77849032758968e-10,1.515160219511813e-10,1.712807439409378e-09,3.05993182342178e-22,-1265.4476520766657,-1238.4657091720733,ecb_true_zero
Heston,70,5,0.1500354316096418,0.10581735939828472,0.9065663502191551,4.9967332778785794e-05,-932.164242038061,-920.9217658278143,all_sigmas_zero
Bates,70,8,1.0112335943928408e-11,1.641524218141756e-12,3.743213446336886e-10,5.012550646452221e-25,-1273.4476520766657,-1255.4596901402708,all_sigmas_zero
HB-MJ,70,12,6.049633810688849e-10,4.3812753028734825e-10,3.5219679510485546e-09,1.134407250846277e-21,-1265.4476520766657,-1238.4657091720733,all_sigmas_zero
Heston,50,5,0.4748573602871322,0.28866043457191964,1.7968935518567593,0.0005702713625443947,-524.4137030326084,-514.8535880054677,fomc_ecb_adjacent
Bates,50,8,0.45171247861786057,0.2896290623681558,2.4772952665854,0.0004383859948286585,-531.5643296905735,-516.2681456471483,fomc_ecb_adjacent
HB-MJ,50,12,2.6319765613231355e-11,6.347422587538176e-12,5.23542036022386e-10,2.033110137534654e-24,-897.0340371976183,-874.0897611324806,fomc_ecb_adjacent
