case,start,param,true,fitted,abs_err,rel_err,objective,iv_rmse_bp,n_eval,status,success,bound_hits,feller
fx_typical,0,v0,0.0049,0.004900000000027829,2.7829301363357928e-14,5.6794492578281485e-12,0.0,0.0,10,1,True,,0.19999999999791696
fx_typical,0,kappa,2.5,2.5000000000477787,4.7778669909348537e-11,1.9111467963739413e-11,0.0,0.0,10,1,True,,0.19999999999791696
fx_typical,0,theta,0.0081,0.00809999999994537,-5.462991170546161e-14,-6.74443354388415e-12,0.0,0.0,10,1,True,,0.19999999999791696
fx_typical,0,sigma,0.45,0.450000000005126,5.12601072699681e-12,1.13911349488818e-11,0.0,0.0,10,1,True,,0.19999999999791696
fx_typical,0,rho,-0.25,-0.24999999999776937,2.230632345501249e-12,-8.922529382004996e-12,0.0,0.0,10,1,True,,0.19999999999791696
fx_typical,1,v0,0.0049,0.004900000000057049,5.704898359271127e-14,1.1642649712798219e-11,9.847999517166635e-26,6.77084288871585e-10,9,1,True,,0.1999999999965383
fx_typical,1,kappa,2.5,2.500000000031938,3.19380077939968e-11,1.2775203117598722e-11,9.847999517166635e-26,6.77084288871585e-10,9,1,True,,0.1999999999965383
fx_typical,1,theta,0.0081,0.008099999999920204,-7.979554517145715e-14,-9.851301873019401e-12,9.847999517166635e-26,6.77084288871585e-10,9,1,True,,0.1999999999965383
fx_typical,1,sigma,0.45,0.45000000000455226,4.552247467870529e-12,1.0116105484156732e-11,9.847999517166635e-26,6.77084288871585e-10,9,1,True,,0.1999999999965383
fx_typical,1,rho,-0.25,-0.24999999999573183,4.2681691514445674e-12,-1.707267660577827e-11,9.847999517166635e-26,6.77084288871585e-10,9,1,True,,0.1999999999965383
fx_typical,2,v0,0.0049,0.004900000000034771,3.477079735247912e-14,7.096081092342678e-12,0.0,0.0,7,1,True,,0.19999999999465135
fx_typical,2,kappa,2.5,2.5000000000388622,3.886224675397898e-11,1.5544898701591592e-11,0.0,0.0,7,1,True,,0.19999999999465135
fx_typical,2,theta,0.0081,0.008099999999974463,-2.5536864289854577e-14,-3.152699295043775e-12,0.0,0.0,7,1,True,,0.19999999999465135
fx_typical,2,sigma,0.45,0.45000000000880547,8.805456364058273e-12,1.9567680809018384e-11,0.0,0.0,7,1,True,,0.19999999999465135
fx_typical,2,rho,-0.25,-0.24999999999354566,6.454337064809579e-12,-2.5817348259238315e-11,0.0,0.0,7,1,True,,0.19999999999465135
fx_typical,3,v0,0.0049,0.00489999999988189,-1.181095152236189e-13,-2.4103982698697735e-11,2.447518570517535e-25,1.1050473489524194e-09,16,1,True,,0.20000000000494791
fx_typical,3,kappa,2.5,2.4999999998065583,-1.9344170709700848e-10,-7.737668283880338e-11,2.447518570517535e-25,1.1050473489524194e-09,16,1,True,,0.20000000000494791
fx_typical,3,theta,0.0081,0.008100000000254032,2.5403290582204363e-13,3.136208713852391e-11,2.447518570517535e-25,1.1050473489524194e-09,16,1,True,,0.20000000000494791
fx_typical,3,sigma,0.45,0.4499999999840803,-1.5919709994705045e-11,-3.5377133321566764e-11,2.447518570517535e-25,1.1050473489524194e-09,16,1,True,,0.20000000000494791
fx_typical,3,rho,-0.25,-0.2499999999874546,1.2545409155961806e-11,-5.0181636623847226e-11,2.447518570517535e-25,1.1050473489524194e-09,16,1,True,,0.20000000000494791
fx_typical,4,v0,0.0049,0.004899999999982602,-1.7397541740571398e-14,-3.5505187225655915e-12,1.0240792299097782e-25,6.904552022812582e-10,9,1,True,,0.19999999999277776
fx_typical,4,kappa,2.5,2.5000000001891065,1.8910650823045216e-10,7.564260329218087e-11,1.0240792299097782e-25,6.904552022812582e-10,9,1,True,,0.19999999999277776
fx_typical,4,theta,0.0081,0.008099999999867326,-1.3267338616618218e-13,-1.637943039088669e-11,1.0240792299097782e-25,6.904552022812582e-10,9,1,True,,0.19999999999277776
fx_typical,4,sigma,0.45,0.45000000002145923,2.1459223287223494e-11,4.768716286049665e-11,1.0240792299097782e-25,6.904552022812582e-10,9,1,True,,0.19999999999277776
fx_typical,4,rho,-0.25,-0.24999999999685144,3.1485647422613283e-12,-1.2594258969045313e-11,1.0240792299097782e-25,6.904552022812582e-10,9,1,True,,0.19999999999277776
fx_typical,5,v0,0.0049,0.004900000000019281,1.928145143548221e-14,3.93499008887392e-12,0.0,0.0,21,1,True,,0.19999999999815085
fx_typical,5,kappa,2.5,2.500000000068076,6.80762113347555e-11,2.72304845339022e-11,0.0,0.0,21,1,True,,0.19999999999815085
fx_typical,5,theta,0.0081,0.008099999999937334,-6.266515084618618e-14,-7.736438376072369e-12,0.0,0.0,21,1,True,,0.19999999999815085
fx_typical,5,sigma,0.45,0.45000000000646645,6.466438495777993e-12,1.4369863323951095e-11,0.0,0.0,21,1,True,,0.19999999999815085
fx_typical,5,rho,-0.25,-0.2499999999974771,2.5228985567338214e-12,-1.0091594226935285e-11,0.0,0.0,21,1,True,,0.19999999999815085
fx_typical_noise5bp,0,v0,0.0049,0.004893924337098409,-6.075662901590742e-06,-0.001239931204406274,2.8434693078082106e-06,4.146473117895132,23,4,True,,0.199527454456094
fx_typical_noise5bp,0,kappa,2.5,2.4533266438377654,-0.04667335616223456,-0.018669342464893823,2.8434693078082106e-06,4.146473117895132,23,4,True,,0.199527454456094
fx_typical_noise5bp,0,theta,0.0081,0.008225330002333301,0.00012533000233330184,0.015472839794234796,2.8434693078082106e-06,4.146473117895132,23,4,True,,0.199527454456094
fx_typical_noise5bp,0,sigma,0.45,0.44974673589796976,-0.0002532641020302484,-0.0005628091156227742,2.8434693078082106e-06,4.146473117895132,23,4,True,,0.199527454456094
fx_typical_noise5bp,0,rho,-0.25,-0.24907439843702084,0.0009256015629791614,-0.0037024062519166456,2.8434693078082106e-06,4.146473117895132,23,4,True,,0.199527454456094
fx_typical_noise5bp,1,v0,0.0049,0.004893923784330888,-6.076215669111734e-06,-0.0012400440141044355,2.843469307109875e-06,4.146470579583549,26,3,True,,0.19952771358420507
fx_typical_noise5bp,1,kappa,2.5,2.453332135830244,-0.04666786416975599,-0.018667145667902396,2.843469307109875e-06,4.146470579583549,26,3,True,,0.19952771358420507
fx_typical_noise5bp,1,theta,0.0081,0.008225324691706703,0.00012532469170670364,0.015472184161321439,2.843469307109875e-06,4.146470579583549,26,3,True,,0.19952771358420507
fx_typical_noise5bp,1,sigma,0.45,0.4497468020638351,-0.00025319793616490616,-0.0005626620803664581,2.843469307109875e-06,4.146470579583549,26,3,True,,0.19952771358420507
fx_typical_noise5bp,1,rho,-0.25,-0.24907457043270975,0.0009254295672902479,-0.0037017182691609918,2.843469307109875e-06,4.146470579583549,26,3,True,,0.19952771358420507
fx_typical_noise5bp,2,v0,0.0049,0.004893924036848989,-6.075963151010687e-06,-0.0012399924797980993,2.843469307895432e-06,4.146482122060415,21,3,True,,0.19952774599672454
fx_typical_noise5bp,2,kappa,2.5,2.4533233619601313,-0.046676638039868656,-0.018670655215947463,2.843469307895432e-06,4.146482122060415,21,3,True,,0.19952774599672454
fx_typical_noise5bp,2,theta,0.0081,0.008225329759125823,0.00012532975912582338,0.015472809768620172,2.843469307895432e-06,4.146482122060415,21,3,True,,0.19952774599672454
fx_typical_noise5bp,2,sigma,0.45,0.4497460998555861,-0.00025390014441389885,-0.0005642225431419975,2.843469307895432e-06,4.146482122060415,21,3,True,,0.19952774599672454
fx_typical_noise5bp,2,rho,-0.25,-0.24907444055522973,0.0009255594447702686,-0.0037022377790810745,2.843469307895432e-06,4.146482122060415,21,3,True,,0.19952774599672454
fx_typical_noise5bp,3,v0,0.0049,0.004893923667736051,-6.076332263948818e-06,-0.0012400678089691465,2.8434693078699216e-06,4.146469911434062,29,4,True,,0.1995280558300552
fx_typical_noise5bp,3,kappa,2.5,2.453338765326558,-0.046661234673441854,-0.01866449386937674,2.8434693078699216e-06,4.146469911434062,29,4,True,,0.1995280558300552
fx_typical_noise5bp,3,theta,0.0081,0.008225316118548915,0.0001253161185489158,0.015471125746779729,2.8434693078699216e-06,4.146469911434062,29,4,True,,0.1995280558300552
fx_typical_noise5bp,3,sigma,0.45,0.4497467896218385,-0.0002532103781615058,-0.0005626897292477907,2.8434693078699216e-06,4.146469911434062,29,4,True,,0.1995280558300552
fx_typical_noise5bp,3,rho,-0.25,-0.24907457732393076,0.0009254226760692374,-0.00370169070427695,2.8434693078699216e-06,4.146469911434062,29,4,True,,0.1995280558300552
fx_typical_noise5bp,4,v0,0.0049,0.004893923881013914,-6.076118986085566e-06,-0.0012400242828746052,2.8434693072320757e-06,4.146468346176078,23,3,True,,0.19952782965233928
fx_typical_noise5bp,4,kappa,2.5,2.4533366052194943,-0.04666339478050574,-0.018665357912202297,2.8434693072320757e-06,4.146468346176078,23,3,True,,0.19952782965233928
fx_typical_noise5bp,4,theta,0.0081,0.00822531968319516,0.00012531968319516064,0.015471565826563043,2.8434693072320757e-06,4.146468346176078,23,3,True,,0.19952782965233928
fx_typical_noise5bp,4,sigma,0.45,0.449746943988938,-0.0002530560110620139,-0.0005623466912489198,2.8434693072320757e-06,4.146468346176078,23,3,True,,0.19952782965233928
fx_typical_noise5bp,4,rho,-0.25,-0.24907451633665778,0.0009254836633422192,-0.003701934653368877,2.8434693072320757e-06,4.146468346176078,23,3,True,,0.19952782965233928
fx_typical_noise5bp,5,v0,0.0049,0.004893923910734197,-6.076089265802907e-06,-0.0012400182175107974,2.843469307192055e-06,4.146472894070147,34,2,True,,0.1995276452198284
fx_typical_noise5bp,5,kappa,2.5,2.453328965647833,-0.046671034352166796,-0.018668413740866717,2.843469307192055e-06,4.146472894070147,34,2,True,,0.1995276452198284
fx_typical_noise5bp,5,theta,0.0081,0.008225327700589221,0.00012532770058922178,0.015472555628298986,2.843469307192055e-06,4.146472894070147,34,2,True,,0.1995276452198284
fx_typical_noise5bp,5,sigma,0.45,0.44974667079237246,-0.0002533292076275506,-0.0005629537947278903,2.843469307192055e-06,4.146472894070147,34,2,True,,0.1995276452198284
fx_typical_noise5bp,5,rho,-0.25,-0.2490745602617122,0.0009254397382877921,-0.0037017589531511685,2.843469307192055e-06,4.146472894070147,34,2,True,,0.1995276452198284
feller_violating,0,v0,0.01,0.010000000000059371,5.937091096530622e-14,5.937091096530622e-12,1.488554022532332e-25,8.261325328659023e-10,8,1,True,,0.015802469136660547
feller_violating,0,kappa,1.0,1.0000000000962903,9.62903090595546e-11,9.62903090595546e-11,1.488554022532332e-25,8.261325328659023e-10,8,1,True,,0.015802469136660547
feller_violating,0,theta,0.0064,0.006399999999878245,-1.2175503660838416e-13,-1.9024224470060025e-11,1.488554022532332e-25,8.261325328659023e-10,8,1,True,,0.015802469136660547
feller_violating,0,sigma,0.9,0.9000000000103346,1.0334622047025732e-11,1.1482913385584147e-11,1.488554022532332e-25,8.261325328659023e-10,8,1,True,,0.015802469136660547
feller_violating,0,rho,0.3,0.29999999999743243,-2.5675572778993683e-12,-8.558524259664562e-12,1.488554022532332e-25,8.261325328659023e-10,8,1,True,,0.015802469136660547
feller_violating,1,v0,0.01,0.010000000000082302,8.230222059424364e-14,8.230222059424364e-12,7.480744981244751e-26,6.239994168609006e-10,8,1,True,,0.015802469136345282
feller_violating,1,kappa,1.0,1.0000000000730085,7.300848814395522e-11,7.300848814395522e-11,7.480744981244751e-26,6.239994168609006e-10,8,1,True,,0.015802469136345282
feller_violating,1,theta,0.0064,0.006400000000010411,1.0410942941074808e-14,1.6267098345429387e-12,7.480744981244751e-26,6.239994168609006e-10,8,1,True,,0.015802469136345282
feller_violating,1,sigma,0.9,0.9000000000181285,1.8128498702196794e-11,2.0142776335774215e-11,7.480744981244751e-26,6.239994168609006e-10,8,1,True,,0.015802469136345282
feller_violating,1,rho,0.3,0.2999999999933888,-6.6112115781891134e-12,-2.2037371927297045e-11,7.480744981244751e-26,6.239994168609006e-10,8,1,True,,0.015802469136345282
feller_violating,2,v0,0.01,0.010000000000057283,5.728230390023015e-14,5.728230390023015e-12,0.0,0.0,6,1,True,,0.015802469136123314
feller_violating,2,kappa,1.0,1.0000000000472213,4.722133795098671e-11,4.722133795098671e-11,0.0,0.0,6,1,True,,0.015802469136123314
feller_violating,2,theta,0.0064,0.006399999999983115,-1.6884930953420252e-14,-2.6382704614719144e-12,0.0,0.0,6,1,True,,0.015802469136123314
feller_violating,2,sigma,0.9,0.9000000000109258,1.0925815807638628e-11,1.2139795341820697e-11,0.0,0.0,6,1,True,,0.015802469136123314
feller_violating,2,rho,0.3,0.2999999999950719,-4.928113472857376e-12,-1.642704490952459e-11,0.0,0.0,6,1,True,,0.015802469136123314
feller_violating,3,v0,0.01,0.01000000000005023,5.0230652970384426e-14,5.023065297038443e-12,7.453772176226112e-26,6.228734452053492e-10,15,1,True,,0.015802469136057564
feller_violating,3,kappa,1.0,1.0000000000382112,3.821121197233879e-11,3.821121197233879e-11,7.453772176226112e-26,6.228734452053492e-10,15,1,True,,0.015802469136057564
feller_violating,3,theta,0.0064,0.0063999999999827285,-1.727177428856308e-14,-2.6987147325879812e-12,7.453772176226112e-26,6.228734452053492e-10,15,1,True,,0.015802469136057564
feller_violating,3,sigma,0.9,0.9000000000087164,8.716360966332104e-12,9.684845518146782e-12,7.453772176226112e-26,6.228734452053492e-10,15,1,True,,0.015802469136057564
feller_violating,3,rho,0.3,0.29999999999450533,-5.4946602823235935e-12,-1.831553427441198e-11,7.453772176226112e-26,6.228734452053492e-10,15,1,True,,0.015802469136057564
feller_violating,4,v0,0.01,0.009999999999967656,-3.234391920958757e-14,-3.234391920958757e-12,2.750477221781254e-25,1.2008016421316282e-09,8,1,True,,0.01580246913618306
feller_violating,4,kappa,1.0,0.9999999999800423,-1.99577021575692e-11,-1.99577021575692e-11,2.750477221781254e-25,1.2008016421316282e-09,8,1,True,,0.01580246913618306
feller_violating,4,theta,0.0064,0.006400000000320583,3.2058296989267987e-13,5.009108904573123e-11,2.750477221781254e-25,1.2008016421316282e-09,8,1,True,,0.01580246913618306
feller_violating,4,sigma,0.9,0.9000000000027221,2.722044811775959e-12,3.024494235306621e-12,2.750477221781254e-25,1.2008016421316282e-09,8,1,True,,0.01580246913618306
feller_violating,4,rho,0.3,0.2999999999898498,-1.0150214002635494e-11,-3.3834046675451646e-11,2.750477221781254e-25,1.2008016421316282e-09,8,1,True,,0.01580246913618306
feller_violating,5,v0,0.01,0.010000000000056289,5.6288307348495437e-14,5.628830734849544e-12,0.0,0.0,17,1,True,,0.01580246913609144
feller_violating,5,kappa,1.0,1.0000000000436435,4.364353323182968e-11,4.364353323182968e-11,0.0,0.0,17,1,True,,0.01580246913609144
feller_violating,5,theta,0.0064,0.006399999999989448,-1.0552322904366918e-14,-1.6488004538073309e-12,0.0,0.0,17,1,True,,0.01580246913609144
feller_violating,5,sigma,0.9,0.9000000000106687,1.0668688155135442e-11,1.185409795015049e-11,0.0,0.0,17,1,True,,0.01580246913609144
feller_violating,5,rho,0.3,0.29999999999489396,-5.1060267125535574e-12,-1.7020089041845193e-11,0.0,0.0,17,1,True,,0.01580246913609144
feller_violating_noise5bp,0,v0,0.01,0.009988312058578967,-1.1687941421032952e-05,-0.0011687941421032952,2.9392503718363604e-06,4.160178644644992,23,4,True,,0.015919976741042747
feller_violating_noise5bp,0,kappa,1.0,0.9736561282760147,-0.026343871723985335,-0.026343871723985335,2.9392503718363604e-06,4.160178644644992,23,4,True,,0.015919976741042747
feller_violating_noise5bp,0,theta,0.0064,0.006607332207367758,0.0002073322073677577,0.032395657401212134,2.9392503718363604e-06,4.160178644644992,23,4,True,,0.015919976741042747
feller_violating_noise5bp,0,sigma,0.9,0.8989999255324005,-0.0010000744675995321,-0.001111193852888369,2.9392503718363604e-06,4.160178644644992,23,4,True,,0.015919976741042747
feller_violating_noise5bp,0,rho,0.3,0.3007502474562225,0.0007502474562224859,0.002500824854074953,2.9392503718363604e-06,4.160178644644992,23,4,True,,0.015919976741042747
feller_violating_noise5bp,1,v0,0.01,0.00998830789658061,-1.1692103419390018e-05,-0.0011692103419390018,2.9392503698909108e-06,4.1601761220267095,16,2,True,,0.01591984434390856
feller_violating_noise5bp,1,kappa,1.0,0.9736442914558177,-0.026355708544182344,-0.026355708544182344,2.9392503698909108e-06,4.1601761220267095,16,2,True,,0.01591984434390856
feller_violating_noise5bp,1,theta,0.0064,0.00660734028568468,0.00020734028568467934,0.032396919638231145,2.9392503698909108e-06,4.1601761220267095,16,2,True,,0.01591984434390856
feller_violating_noise5bp,1,sigma,0.9,0.8989987487059712,-0.0010012512940288376,-0.0011125014378098195,2.9392503698909108e-06,4.1601761220267095,16,2,True,,0.01591984434390856
feller_violating_noise5bp,1,rho,0.3,0.3007503572071324,0.0007503572071324016,0.002501190690441339,2.9392503698909108e-06,4.1601761220267095,16,2,True,,0.01591984434390856
feller_violating_noise5bp,2,v0,0.01,0.00998830937595656,-1.1690624043440151e-05,-0.001169062404344015,2.939250368843564e-06,4.16017737034718,23,3,True,,0.015919877032241656
feller_violating_noise5bp,2,kappa,1.0,0.973648315912061,-0.026351684087938976,-0.026351684087938976,2.939250368843564e-06,4.16017737034718,23,3,True,,0.015919877032241656
feller_violating_noise5bp,2,theta,0.0064,0.006607327077155592,0.00020732707715559202,0.03239485580556125,2.939250368843564e-06,4.16017737034718,23,3,True,,0.015919877032241656
feller_violating_noise5bp,2,sigma,0.9,0.8989987851199325,-0.0010012148800675469,-0.0011124609778528298,2.939250368843564e-06,4.16017737034718,23,3,True,,0.015919877032241656
feller_violating_noise5bp,2,rho,0.3,0.3007502916707172,0.000750291670717218,0.0025009722357240602,2.939250368843564e-06,4.16017737034718,23,3,True,,0.015919877032241656
feller_violating_noise5bp,3,v0,0.01,0.00998830418517448,-1.169581482552036e-05,-0.001169581482552036,2.9392503768156347e-06,4.160176310645181,33,3,True,,0.01591972493532963
feller_violating_noise5bp,3,kappa,1.0,0.9736341689688011,-0.02636583103119894,-0.02636583103119894,2.9392503768156347e-06,4.160176310645181,33,3,True,,0.01591972493532963
feller_violating_noise5bp,3,theta,0.0064,0.006607335913850603,0.0002073359138506023,0.03239623653915661,2.9392503768156347e-06,4.160176310645181,33,3,True,,0.01591972493532963
feller_violating_noise5bp,3,sigma,0.9,0.8989971495813984,-0.0010028504186015974,-0.0011142782428906638,2.9392503768156347e-06,4.160176310645181,33,3,True,,0.01591972493532963
feller_violating_noise5bp,3,rho,0.3,0.30075052558379567,0.0007505255837956804,0.0025017519459856015,2.9392503768156347e-06,4.160176310645181,33,3,True,,0.01591972493532963
feller_violating_noise5bp,4,v0,0.01,0.009988309850286349,-1.1690149713651163e-05,-0.0011690149713651163,2.9392503691970654e-06,4.160179079312462,26,3,True,,0.015919920399293
feller_violating_noise5bp,4,kappa,1.0,0.9736511714000482,-0.0263488285999518,-0.0263488285999518,2.9392503691970654e-06,4.160179079312462,26,3,True,,0.015919920399293
feller_violating_noise5bp,4,theta,0.0064,0.006607330159657498,0.00020733015965749765,0.032395337446484006,2.9392503691970654e-06,4.160179079312462,26,3,True,,0.015919920399293
feller_violating_noise5bp,4,sigma,0.9,0.8989990886293998,-0.0010009113706002104,-0.0011121237451113448,2.9392503691970654e-06,4.160179079312462,26,3,True,,0.015919920399293
feller_violating_noise5bp,4,rho,0.3,0.30075031004904695,0.000750310049046965,0.002501033496823217,2.9392503691970654e-06,4.160179079312462,26,3,True,,0.015919920399293
feller_violating_noise5bp,5,v0,0.01,0.009988309876151142,-1.1690123848858217e-05,-0.0011690123848858217,2.9392503700794307e-06,4.160181316405631,25,2,True,,0.01591991090917219
feller_violating_noise5bp,5,kappa,1.0,0.9736519258285345,-0.026348074171465452,-0.026348074171465452,2.9392503700794307e-06,4.160181316405631,25,2,True,,0.01591991090917219
feller_violating_noise5bp,5,theta,0.0064,0.0066073115336047,0.00020731153360469944,0.032392427125734286,2.9392503700794307e-06,4.160181316405631,25,2,True,,0.01591991090917219
feller_violating_noise5bp,5,sigma,0.9,0.8989984377355921,-0.0010015622644079514,-0.0011128469604532792,2.9392503700794307e-06,4.160181316405631,25,2,True,,0.01591991090917219
feller_violating_noise5bp,5,rho,0.3,0.30075033615820745,0.0007503361582074652,0.0025011205273582178,2.9392503700794307e-06,4.160181316405631,25,2,True,,0.01591991090917219
