case,noise_volpts,seed,start,is_best,v0,kappa,theta,sigma,rho,iv_rmse_bp,success,status,feller
heston_fx_typical,0.0,-1,-1,True,0.0049,2.5,0.0081,0.45,-0.25,,,,
heston_feller_violating,0.0,-1,-1,True,0.01,1.0,0.0064,0.9,0.3,,,,
heston_fx_typical,0.05,1,0,True,0.004902737868211361,2.404371288034416,0.008200963520922578,0.44602207887459233,-0.24872100215635437,4.687483536221727,True,3.0,0.19823653306084343
heston_fx_typical,0.05,1,1,False,0.004902737588811583,2.4043726116129274,0.008200961479269799,0.44602186812640554,-0.24872111767610314,4.687478132845495,True,3.0,0.1982367801723516
heston_fx_typical,0.05,1,2,False,0.004902737853109238,2.404361128208358,0.008200973519743332,0.4460216030753823,-0.24872089615270676,4.687488437667327,True,3.0,0.1982363600351516
heston_fx_typical,0.05,1,3,False,0.004902737533136684,2.4043493291935336,0.008200984366812943,0.44602073257800456,-0.24872121847593262,4.687478758149614,True,3.0,0.19823642321209373
heston_fx_typical,0.05,1,4,False,0.004902737490666198,2.404354540178639,0.008200978436225647,0.44602092743718547,-0.24872118356972725,4.687478495323133,True,2.0,0.19823653628435983
heston_fx_typical,0.05,1,5,False,0.004902737827014512,2.4043312103446532,0.008200999766710718,0.44601975213232486,-0.24872134034077575,4.6874769687287685,True,2.0,0.1982361731042698
heston_fx_typical,0.05,2,0,True,0.004880113129644879,2.444887278528888,0.00824033524447348,0.4512589312305862,-0.2579910026824333,4.419206509960323,True,2.0,0.19787097608156462
heston_fx_typical,0.05,2,1,False,0.004880113151903269,2.4449137021146603,0.008240311299166468,0.45126056498341727,-0.25799075453785725,4.419170948062448,True,3.0,0.1978711068563549
heston_fx_typical,0.05,2,2,False,0.004880113307123772,2.444879860202503,0.008240338940518139,0.4512583914646604,-0.25799077435796536,4.419213979009478,True,3.0,0.197870937808253
heston_fx_typical,0.05,2,3,False,0.004880113484504808,2.444817235815031,0.008240400166489824,0.451255310102276,-0.2579910391698308,4.419291815121226,True,3.0,0.1978700418448422
heston_fx_typical,0.05,2,4,False,0.004880112889910758,2.444879970721618,0.008240344379614345,0.45125879427874754,-0.2579907953345003,4.419214340782609,True,3.0,0.19787072410178724
heston_fx_typical,0.05,2,5,False,0.0048801133754517055,2.444876395508433,0.008240343564827253,0.451258234558512,-0.25799090280976594,4.419218989667326,True,3.0,0.19787090604442897
heston_fx_typical,0.05,3,0,False,0.00487028230788439,2.532764677321224,0.008168772575316707,0.4512778654787218,-0.25022899282187777,5.280484456255111,True,3.0,0.20318590446158183
heston_fx_typical,0.05,3,1,False,0.004870281552908414,2.5327596667338903,0.008168776196818918,0.4512771175298788,-0.2502290955287571,5.280502790869847,True,3.0,0.2031862660987104
heston_fx_typical,0.05,3,2,False,0.004870281976983296,2.5327429434196493,0.008168795999160145,0.45127723401386655,-0.2502286159857693,5.28049699076646,True,4.0,0.20318531215782465
heston_fx_typical,0.05,3,3,False,0.004870281820655483,2.532764757715202,0.008168777024862486,0.4512782774641832,-0.2502288645347776,5.280476834133774,True,2.0,0.20318565059772795
heston_fx_typical,0.05,3,4,True,0.004870281383053027,2.532772265007011,0.008168765700405867,0.4512777341994156,-0.2502291628645027,5.280490061155802,True,3.0,0.20318646038089824
heston_fx_typical,0.05,3,5,False,0.004870281844747895,2.532786277243028,0.008168753772939005,0.4512786239846269,-0.2502289609226805,5.280466297012526,True,3.0,0.20318648655613858
heston_fx_typical,0.05,4,0,False,0.004927598835002154,2.3220804122249206,0.008150942239349916,0.43757729466358486,-0.24955109961958752,5.337875403156067,True,2.0,0.19769947153929493
heston_fx_typical,0.05,4,1,False,0.004927598710787874,2.322034959102621,0.008150987379902622,0.4375750153178378,-0.24955138375985342,5.337904889673063,True,3.0,0.19769875618750132
heston_fx_typical,0.05,4,2,False,0.00492759882785208,2.322023586549413,0.008150994535089016,0.43757402678994023,-0.2495515125864993,5.337908572155813,True,2.0,0.19769885471399462
heston_fx_typical,0.05,4,3,True,0.004927598556101445,2.3220518315461276,0.008150971068137967,0.437575898305832,-0.24955128747178557,5.337893293057816,True,3.0,0.1976989991953102
heston_fx_typical,0.05,4,4,False,0.0049275988075151355,2.3220524506894034,0.008150969129133162,0.4375757615770287,-0.24955153595737867,5.337885705826028,True,3.0,0.1976991284287182
heston_fx_typical,0.05,4,5,False,0.004927598882696002,2.322043561989873,0.008150981763411448,0.43757582889275753,-0.24955122928247062,5.337904644596997,True,4.0,0.19769861725853272
heston_fx_typical,0.1,1,0,False,0.004906003445444666,2.3023761503265043,0.00832077402287266,0.44208041665264675,-0.2472529050369983,9.381995155892112,True,2.0,0.19605027114829554
heston_fx_typical,0.1,1,1,False,0.004906002916626805,2.302382263198995,0.008320773852872457,0.4420810596650834,-0.24725259497675725,9.382008006907526,True,3.0,0.19605021734548536
heston_fx_typical,0.1,1,2,True,0.004906002393300992,2.30231007819823,0.008320843369451767,0.4420764155038825,-0.24725320935781028,9.381991454310619,True,3.0,0.19604982765815557
heston_fx_typical,0.1,1,3,False,0.004906002884920232,2.3023004608941773,0.008320854880111219,0.44207612446409866,-0.24725336537725415,9.38199016010861,True,3.0,0.19604953805291908
heston_fx_typical,0.1,1,4,False,0.004906003025344289,2.3022881583519466,0.008320865469816757,0.44207545932678133,-0.24725329945291694,9.38199334347497,True,4.0,0.1960493298922706
heston_fx_typical,0.1,1,5,False,0.004906003082471015,2.3023667703919664,0.008320785859881396,0.44207955943611993,-0.24725338664081253,9.381979239674799,True,2.0,0.19605051163512377
heston_fx_typical,0.1,2,0,False,0.004861445114592655,2.3912087029326257,0.008386444304770424,0.4527802525644795,-0.2657119078336812,8.831879142016925,True,3.0,0.19563672799791396
heston_fx_typical,0.1,2,1,False,0.004861445527652919,2.391155415215047,0.00838649577066805,0.4527772781007364,-0.2657122217735271,8.831944961363963,True,4.0,0.19563613920850328
heston_fx_typical,0.1,2,2,False,0.004861445698293762,2.391225700788789,0.008386421856593364,0.4527808749646723,-0.2657119354744283,8.831856161652373,True,3.0,0.19563705715556617
heston_fx_typical,0.1,2,3,False,0.0048614454681908505,2.391274546471921,0.008386380819080228,0.45278431756505205,-0.2657116323546796,8.831793276366966,True,3.0,0.19563712114517814
heston_fx_typical,0.1,2,4,True,0.004861444835201995,2.39123297151219,0.008386417381815897,0.4527811202944066,-0.26571214434882845,8.83185235339764,True,3.0,0.19563733561539656
heston_fx_typical,0.1,2,5,False,0.004861445565205177,2.391295575414716,0.008386356403535343,0.45278517987889155,-0.2657115915527518,8.831767170289105,True,2.0,0.1956375268423068
heston_fx_typical,0.1,3,0,False,0.004842288786225398,2.5798215645861498,0.008225521412773586,0.45368820142443406,-0.25027245332216264,10.528503684709944,True,3.0,0.20619025286169687
heston_fx_typical,0.1,3,1,False,0.0048422872538443655,2.57989237371211,0.008225469174200884,0.45369256010893666,-0.25027193854008384,10.528412397527333,True,2.0,0.20619064086063613
heston_fx_typical,0.1,3,2,True,0.004842288620492026,2.5798087576539683,0.008225533917083288,0.4536877568535075,-0.25027248730825524,10.528515353638412,True,3.0,0.20618994681570738
heston_fx_typical,0.1,3,3,False,0.004842288265977291,2.5797612766784557,0.008225576853103175,0.45368522183395926,-0.2502726415612109,10.528571762711922,True,3.0,0.20618953237925297
heston_fx_typical,0.1,3,4,False,0.004842288248455362,2.579709933095981,0.008225620779338246,0.4536822071184795,-0.2502731057644864,10.528639924771232,True,2.0,0.20618926999860113
heston_fx_typical,0.1,3,5,False,0.004842287128144132,2.57993940971024,0.008225426906990761,0.4536949372120147,-0.2502721885980793,10.528365279307755,True,2.0,0.2061911798689077
heston_fx_typical,0.1,4,0,False,0.004955769362288353,2.149661088189374,0.008214376500975468,0.4261126940297496,-0.24889105311529677,10.6961715542173,True,2.0,0.19450270750505227
heston_fx_typical,0.1,4,1,False,0.004955768797711471,2.149606413111381,0.008214435866553725,0.42610940817215165,-0.248891315718087,10.696206630942816,True,2.0,0.19450216580553448
heston_fx_typical,0.1,4,2,False,0.004955768698070192,2.1496561279012973,0.008214383761514293,0.4261124122040857,-0.2488907631598368,10.696182463201128,True,2.0,0.19450268789530703
heston_fx_typical,0.1,4,3,True,0.004955769164413545,2.149700323073522,0.008214338729412686,0.42611511426265886,-0.2488906556140953,10.696152590425223,True,3.0,0.19450315363610998
heston_fx_typical,0.1,4,4,False,0.004955768981077585,2.149684840446435,0.00821435504213229,0.426114223310339,-0.24889108746970776,10.696151957883039,True,2.0,0.1945029523991494
heston_fx_typical,0.1,4,5,False,0.004955769297530782,2.1496623356859157,0.008214383904330215,0.4261138298178508,-0.2488908431113955,10.696184989622871,True,3.0,0.19450195880113458
heston_feller_violating,0.05,1,0,False,0.009990280100576742,0.9827077572244748,0.006476105926803282,0.8981157264460222,0.2993984791977142,4.6816169672056205,True,2.0,0.015779880910626338
heston_feller_violating,0.05,1,1,True,0.009990282932393551,0.9827185758158404,0.006476092851073894,0.8981163472242668,0.29939839007074637,4.681609812538662,True,3.0,0.015780000955336642
heston_feller_violating,0.05,1,2,False,0.00999028383175386,0.9827182396558798,0.006476110859879704,0.8981172745786282,0.299398341519584,4.681605165917114,True,4.0,0.0157800068512111
heston_feller_violating,0.05,1,3,False,0.009990276280981121,0.9826961946358266,0.006476115427025966,0.8981146943999387,0.29939852411738044,4.681625770003373,True,3.0,0.015779754657783147
heston_feller_violating,0.05,1,4,False,0.009990277136981153,0.9826989182682409,0.006476117513286703,0.8981150779287429,0.29939844123986264,4.6816223473833745,True,2.0,0.015779789999098324
heston_feller_violating,0.05,1,5,False,0.009990276604429856,0.9826979513664862,0.006476122728392084,0.8981150922235089,0.2993984651887079,4.681622430043311,True,3.0,0.01577978667783722
heston_feller_violating,0.05,2,0,True,0.00998499018603169,1.0108418704924285,0.00658438572997324,0.9083671754331427,0.2934734510681384,4.297004497619453,True,3.0,0.016132646547135282
heston_feller_violating,0.05,2,1,False,0.009984991700404025,1.010842840184151,0.006584385869870115,0.9083676471219246,0.2934735065003923,4.2970013584890365,True,3.0,0.016132645611371985
heston_feller_violating,0.05,2,2,False,0.009984986904628759,1.0108267018521682,0.006584409876846697,0.9083666159131166,0.29347346254274,4.297010101033218,True,3.0,0.01613248349774331
heston_feller_violating,0.05,2,3,False,0.009984992744522874,1.0108482272414696,0.006584384452507745,0.908368051241832,0.29347335716572887,4.2969978644729325,True,3.0,0.01613271375945723
heston_feller_violating,0.05,2,4,False,0.009984989657858172,1.0108380009581615,0.006584386373048407,0.9083669259851178,0.293473466065928,4.297006616862653,True,4.0,0.0161325952268658
heston_feller_violating,0.05,2,5,False,0.00998499414602286,1.010852972890304,0.006584368808962366,0.9083680396295196,0.2934733830373534,4.296997338329358,True,3.0,0.016132751581319996
heston_feller_violating,0.05,3,0,True,0.009978925998581247,1.004644520806674,0.006669126913457193,0.9054722278325122,0.3004123055321951,5.2512050812052715,True,3.0,0.01634410444659944
heston_feller_violating,0.05,3,1,False,0.009978925951972887,1.004643255896255,0.006669126453643189,0.9054721628748167,0.30041227083396327,5.251205910890398,True,3.0,0.016344085086495014
heston_feller_violating,0.05,3,2,False,0.00997891562330296,1.0046121914925819,0.006669162502970123,0.9054694316944027,0.300412403299,5.251253216455784,True,2.0,0.016343766652902908
heston_feller_violating,0.05,3,3,False,0.009978927186220923,1.0046476815775556,0.0066691115551097135,0.905472106167364,0.3004122742801316,5.251200306987628,True,3.0,0.016344122620954034
heston_feller_violating,0.05,3,4,False,0.009978927361059613,1.0046510979745682,0.006669124709554664,0.905472753087611,0.3004120633310963,5.251196270578777,True,3.0,0.01634418708419206
heston_feller_violating,0.05,3,5,False,0.0007147896216388299,15.865286139569305,0.0001094206379326255,0.06158896928059318,0.9671934278646521,723.3582712438239,True,3.0,0.9153164663065062
heston_feller_violating,0.05,4,0,False,0.009979147825199425,0.9390585687955061,0.00613304338625529,0.8833886520659697,0.30045357347543644,5.235582017799792,True,3.0,0.014760296463525458
heston_feller_violating,0.05,4,1,False,0.009979141577348721,0.9390420722907252,0.006133048700757591,0.8833868012472825,0.3004537135132155,5.235602342931969,True,3.0,0.014760111807306648
heston_feller_violating,0.05,4,2,False,0.009979142351638716,0.9390455528435839,0.006133040320016146,0.8833868288409416,0.30045370421208695,5.235598359869326,True,3.0,0.01476014542385544
heston_feller_violating,0.05,4,3,False,0.009979144160613187,0.9390487384943896,0.006133049004740022,0.8833876626382924,0.30045366064614687,5.235594038240929,True,2.0,0.014760188534693295
heston_feller_violating,0.05,4,4,False,0.009979145218521415,0.9390569370701812,0.006133026514540772,0.8833872427013512,0.30045374570407996,5.235585873078167,True,3.0,0.014760277308220287
heston_feller_violating,0.05,4,5,True,0.00997914404602954,0.9390502600466518,0.006133045831612809,0.8833875214715787,0.30045378320658606,5.235593470608692,True,3.0,0.014760209531553627
heston_feller_violating,0.1,1,0,False,0.009980457976743701,0.9621369913335266,0.0065653108531761595,0.8962801206485199,0.29879420192671324,9.363858434604278,True,3.0,0.01572659395546962
heston_feller_violating,0.1,1,1,False,0.00998045194369361,0.9621198610296267,0.006565320150168846,0.8962782097118753,0.29879417962526666,9.363873834159724,True,2.0,0.015726403281742834
heston_feller_violating,0.1,1,2,False,0.009980455875446692,0.9621360486574901,0.006565307458331643,0.8962793770835751,0.2987940781919188,9.363860303006406,True,3.0,0.015726596508889402
heston_feller_violating,0.1,1,3,False,0.0001593167938506701,1.123783371399802,0.005549567760895433,0.056431874728435166,0.9278583419748768,651.178173710874,True,3.0,3.9167224678285786
heston_feller_violating,0.1,1,4,True,0.00998045707546384,0.9621370718747712,0.006565308168867117,0.8962798239390024,0.29879402496190877,9.363858172604607,True,3.0,0.015726599254379685
heston_feller_violating,0.1,1,5,False,0.009980461594606273,0.9621512463802044,0.00656529610899797,0.8962809748620887,0.29879404619532896,9.363846907079868,True,2.0,0.01572676166497929
heston_feller_violating,0.1,2,0,False,0.009970816813055618,1.0207383921347175,0.006769316102613316,0.9168754464216644,0.28698017811552795,8.595882498808118,True,3.0,0.016438741065967977
heston_feller_violating,0.1,2,1,True,0.009970819016299757,1.0207448206979517,0.0067693139435625665,0.9168761413044152,0.2869800955094597,8.595877065363252,True,4.0,0.01643881443593578
heston_feller_violating,0.1,2,2,False,0.009970819779974762,1.0207460379159328,0.0067693263859269544,0.9168769030527767,0.28698003118969473,8.59587220046714,True,2.0,0.016438836939303012
heston_feller_violating,0.1,2,3,False,0.009970809018483835,1.0207115718089785,0.006769336252701674,0.9168729054938257,0.28698040750019005,8.595902804405842,True,3.0,0.01643844917409382
heston_feller_violating,0.1,2,4,False,0.0099708213526194,1.0207452963668868,0.00676933235468788,0.9168776293615976,0.2869797810083789,8.595867587587273,True,2.0,0.016438813447372684
heston_feller_violating,0.1,2,5,False,0.009970816726963856,1.020737156956923,0.0067693377676831855,0.9168760333185574,0.28697990383140676,8.595878845968386,True,3.0,0.01643875274047897
heston_feller_violating,0.1,3,0,False,0.009960785929007952,1.011388840705128,0.006938360061338312,0.9116213388339265,0.3007557435001546,10.494641169868917,True,4.0,0.01688791451054847
heston_feller_violating,0.1,3,1,True,0.009960787655792894,1.0113918381243723,0.006938384423801146,0.9116228119831404,0.3007555623329664,10.49463427740437,True,3.0,0.016887969278099286
heston_feller_violating,0.1,3,2,False,0.009960784003231296,1.01138434363211,0.006938404984755107,0.9116222665854856,0.30075566051784003,10.494647746791692,True,3.0,0.01688791438884901
heston_feller_violating,0.1,3,3,False,0.009960801212778326,1.0114365116017747,0.00693834761952016,0.9116271632118436,0.30075541169782444,10.494570986410395,True,2.0,0.01688846441981261
heston_feller_violating,0.1,3,4,False,0.00996078965575025,1.0114029115781864,0.006938373444917919,0.9116234372203728,0.30075577929094416,10.494622469536463,True,2.0,0.016888104291626536
heston_feller_violating,0.1,3,5,False,0.0007053777009797898,15.91922385843189,0.00010944156336674159,0.06009074501293082,0.9671319789297991,725.5140541090041,True,3.0,0.964981521038634
heston_feller_violating,0.1,4,0,False,0.00995995057120753,0.8784958764594388,0.005845419206152205,0.8674662258404271,0.30084132760527826,10.474481467203645,True,2.0,0.01364835265196521
heston_feller_violating,0.1,4,1,True,0.009959973928424256,0.8785642836495198,0.005845379950228722,0.8674722023297333,0.30084081235169197,10.474393184967049,True,2.0,0.01364913568960169
heston_feller_violating,0.1,4,2,False,0.009959969129678748,0.8785577457936452,0.005845390175980908,0.867471162821631,0.30084061267977225,10.474397279027913,True,3.0,0.013649090708408501
heston_feller_violating,0.1,4,3,False,0.009959971280607615,0.8785588019275873,0.005845411901931307,0.867472477419752,0.30084062135368755,10.474396511420201,True,3.0,0.013649116478039574
heston_feller_violating,0.1,4,4,False,0.009959968846963974,0.8785552009864961,0.005845407467686668,0.8674715519819433,0.3008406769659891,10.474400968053292,True,4.0,0.013649079302780738
heston_feller_violating,0.1,4,5,False,0.009959970628799726,0.8785548758672552,0.00584540314565409,0.8674719529624577,0.30084044038462054,10.474400363472212,True,4.0,0.013649051541511192
