case,noise_volpts,seed,start,is_best,v0,kappa,theta,sigma,rho,lam,mu_J,sigma_J,jump_var_rate,jump_c3_rate,jump_c4_rate,sigma_FOMC,sigma_ECB,sigma_CPI,sigma_NFP,iv_rmse_bp,success,status
bates_negative_mean,0.0,-1,-1,True,0.0049,2.5,0.0081,0.45,-0.25,1.0,-0.04,0.02,0.002,-0.00011200000000000001,6.88e-06,,,,,,,
bates_strong,0.0,-1,-1,True,0.0049,2.5,0.0081,0.45,-0.25,6.0,0.0,0.012,0.000864,0.0,3.73248e-07,,,,,,,
hbmj_spread,0.0,-1,-1,True,0.0049,2.5,0.0081,0.45,-0.25,1.0,-0.02,0.015,0.000625,-2.15e-05,8.518749999999998e-07,0.006,0.005,0.004,0.0035,,,
hbmj_adjacent,0.0,-1,-1,True,0.0049,2.5,0.0081,0.45,-0.25,1.0,-0.02,0.015,0.000625,-2.15e-05,8.518749999999998e-07,0.006,0.005,0.004,0.0035,,,
heston_stage_bates_negative_mean,0.05,1,0,False,0.006066646757426604,17.816489124270046,0.0085301129601501,1.0545940003374874,-0.3826202146818068,,,,,,,,,,,29.540146262513037,True,
heston_stage_bates_negative_mean,0.05,1,1,False,0.006066642973237088,17.816705756172038,0.00853010292238822,1.0545945849660883,-0.3826201361660226,,,,,,,,,,,29.54016334973696,True,
heston_stage_bates_negative_mean,0.05,1,2,True,0.006066637584676963,17.817606064200923,0.008530062175837853,1.0546200737245117,-0.3826210059755342,,,,,,,,,,,29.540245226919378,True,
bates_negative_mean,0.05,1,0,True,0.004873026350218062,2.3820112412450887,0.008064475248530054,0.44717264875272394,-0.24612122161038757,1.1609532146769863,-0.03580641365522639,0.021807938033203682,0.002040590538866685,-0.00011260605436701657,6.943448825997867e-06,,,,,4.440624144873696,True,2.0
bates_negative_mean,0.05,1,1,False,0.00487301396366025,2.3820249512492935,0.008064429225013018,0.4471724226274416,-0.2461212505984492,1.161023279062603,-0.035804465681374874,0.021809077310708795,0.002040609425207186,-0.00011260712197604367,6.943598848948869e-06,,,,,4.440621588382452,True,4.0
bates_negative_mean,0.05,1,2,False,0.00487303922197298,2.382016281957946,0.008064494902795488,0.4471725130282934,-0.2461206529961462,1.1608420349337474,-0.035809726433420765,0.021805974190364768,0.002040571100624331,-0.00011260486866854792,6.943227341599066e-06,,,,,4.440600234405036,True,3.0
bates_negative_mean,0.05,1,3,False,0.00487304095179792,2.3820222195485354,0.008064496169703646,0.44717338117988237,-0.24612057285701297,1.1608396087828228,-0.035809727854536386,0.02180602708441554,0.0020405696318388272,-0.00011260492970333769,6.943241713690457e-06,,,,,4.440613238445689,True,3.0
heston_stage_bates_negative_mean,0.05,3,0,True,0.006024598626979736,18.150622002497386,0.008552734691817067,1.0529768728354558,-0.38779539658388346,,,,,,,,,,,29.654728828972598,True,
heston_stage_bates_negative_mean,0.05,3,1,False,0.0060245995856498605,18.15045889314681,0.008552747141291086,1.0529738389258863,-0.3877957773356392,,,,,,,,,,,29.6546922470828,True,
heston_stage_bates_negative_mean,0.05,3,2,False,0.0060245943030482335,18.151003545504942,0.008552725757671603,1.0529882541861677,-0.38779651293392053,,,,,,,,,,,29.654720735476356,True,
bates_negative_mean,0.05,3,0,True,0.004897582346951901,2.2874752697259586,0.008161647483148182,0.43203857849927546,-0.24727303630804984,0.7464775584423117,-0.05049517940159426,0.012891062250608654,0.002027390222377392,-0.00011490121196306439,6.812689306454065e-06,,,,,5.561856677535668,True,2.0
bates_negative_mean,0.05,3,1,False,0.004897498515611246,2.287817589451327,0.00816105157884713,0.4320508118018815,-0.24726092206685227,0.7468533444335249,-0.050478066849456424,0.012912919288041138,0.002027541564485395,-0.00011491874167135317,6.815113960874658e-06,,,,,5.5611718458437025,True,3.0
bates_negative_mean,0.05,3,2,False,0.0048975607006153665,2.287344986537788,0.008161680029849116,0.43202951212504165,-0.24726981676893972,0.7465095623591462,-0.050494100573015024,0.01289308904848148,0.002027434822911496,-0.00011490548601542465,6.813121254002948e-06,,,,,5.5619129792653785,True,4.0
bates_negative_mean,0.05,3,3,False,0.004897586674760854,2.2876400820882528,0.008161422390738436,0.4320429376190971,-0.24726953084135322,0.7464643891691148,-0.05049554747878836,0.012892184431896183,0.002027403801057586,-0.00011490469535268556,6.813090243653543e-06,,,,,5.561797712450616,True,3.0
heston_stage_bates_negative_mean,0.05,2,0,True,0.006041131161543288,17.55697817028925,0.008603970746586346,1.0518067643832907,-0.392558543732322,,,,,,,,,,,28.84923791004562,True,
heston_stage_bates_negative_mean,0.05,2,1,False,0.006041164342476611,17.55424467290271,0.008604095247727055,1.0517442654621127,-0.3925549401671584,,,,,,,,,,,28.849101349926897,True,
heston_stage_bates_negative_mean,0.05,2,2,False,0.006041175776225892,17.553778752821,0.008604096750030876,1.0517268687920565,-0.3925563414214957,,,,,,,,,,,28.84911558157218,True,
bates_negative_mean,0.05,2,0,True,0.004836665736146739,2.3289818290425037,0.00808885198128701,0.44174350426472314,-0.2553652960611109,1.1844888046284991,-0.03451055005363657,0.024393028514482037,0.002115494523696169,-0.00012165256028504315,7.974580410589274e-06,,,,,3.968442658437859,True,3.0
bates_negative_mean,0.05,2,1,False,0.004836668297721392,2.3290442667639906,0.008088782775193116,0.4417451600229861,-0.25536586157852015,1.1845013287466326,-0.03450986526492319,0.024393608361074487,0.0021154944150785625,-0.00012165296965996851,7.974690572047708e-06,,,,,3.968421998035026,True,3.0
bates_negative_mean,0.05,2,2,False,0.004836759318432929,2.3291242351639734,0.008088815069521697,0.44174617753259826,-0.25535643943438974,1.1840317456441272,-0.03452306428403648,0.02438767947073275,0.0021153921557875224,-0.00012165303043536599,7.974280388256042e-06,,,,,3.9688286169959035,True,3.0
bates_negative_mean,0.05,2,3,False,0.004836626239958179,2.328743693510325,0.00808894988418373,0.4417289949619118,-0.25536625748972974,1.1846333179685238,-0.03450629308233103,0.02439579923706011,0.002115564714821853,-0.0001216569620309309,7.975197670462115e-06,,,,,3.968275067535239,True,3.0
heston_stage_bates_negative_mean,0.1,2,0,True,0.006030823243563628,17.64210841321926,0.008630083010370987,1.0617543162170713,-0.4001052778635037,,,,,,,,,,,29.718303070883096,True,
heston_stage_bates_negative_mean,0.1,2,1,False,0.006030826290021304,17.641409563330612,0.008630113750321598,1.0617335778628538,-0.4001059230648318,,,,,,,,,,,29.718252840895648,True,
heston_stage_bates_negative_mean,0.1,2,2,False,0.006030836027589709,17.640249385078295,0.00863016010068206,1.061698997747572,-0.4001034119938588,,,,,,,,,,,29.71823488054976,True,
bates_negative_mean,0.1,2,0,False,0.004866454050256352,2.263877053158354,0.008166843824136617,0.43898299617949954,-0.25977460445518336,0.8462965247511873,-0.04621534439578645,0.018670129161074925,0.0021025659818290237,-0.00012443756193820804,7.949622536478022e-06,,,,,8.376839828022598,True,2.0
bates_negative_mean,0.1,2,1,False,0.004778666361596441,2.1502246610180697,0.008121452840858039,0.43334294973907467,-0.26357193572849313,1.2800613692104157,-0.03194044530014378,0.026737122370439296,0.002220990650653479,-0.00012939569779450586,8.896139704072422e-06,,,,,7.880005162066896,True,3.0
bates_negative_mean,0.1,2,2,False,0.004865976837278858,2.2639124683131056,0.008165390099601684,0.43896553937250093,-0.25972189490910674,0.8490416850090697,-0.04610290212974081,0.018758823743572028,0.00210339129325462,-0.00012452097606587993,7.961287344427776e-06,,,,,8.376099354623427,True,3.0
bates_negative_mean,0.1,2,3,True,0.004778726514314842,2.1501229576844723,0.008121587865236767,0.433335255897425,-0.26355995456255954,1.2797881393150403,-0.031947564015929485,0.026734811766191836,0.002220940506210274,-0.00012940035135459088,8.89627875623478e-06,,,,,7.880165029604685,True,3.0
heston_stage_bates_negative_mean,0.1,1,0,True,0.006081643372263054,18.161806991455908,0.008483909188956789,1.067505806308566,-0.38031537826163364,,,,,,,,,,,31.12187484673827,True,
heston_stage_bates_negative_mean,0.1,1,1,False,0.006081646650089206,18.162064933382773,0.008483910348300651,1.0675262344409695,-0.38031473216559464,,,,,,,,,,,31.121918327818925,True,
heston_stage_bates_negative_mean,0.1,1,2,False,0.006081639421674935,18.162558610320456,0.008483883958662009,1.0675313472781778,-0.38031663985111,,,,,,,,,,,31.121913603467387,True,
bates_negative_mean,0.1,1,0,False,0.004853711902696024,2.277075072317979,0.008041852267141453,0.4455074806615731,-0.24287560303686015,1.2768641483645848,-0.03342743783166623,0.022441026778135115,0.0020697882076070044,-0.00011217729903861466,6.876833744533521e-06,,,,,8.89462751165012,True,3.0
bates_negative_mean,0.1,1,1,True,0.004853737011467616,2.2774164367418486,0.008041624432571733,0.44552570220354326,-0.24287955613608436,1.2768484637275177,-0.033427567108498216,0.022440375295029073,0.0020697364840866926,-0.00011217297981137373,6.8764441673296785e-06,,,,,8.894734947431393,True,3.0
bates_negative_mean,0.1,1,2,False,0.004853781814757919,2.2776249967507978,0.008041586570601625,0.44553874171759017,-0.2428815917897422,1.2766758051422638,-0.033431862463986044,0.022437408213809806,0.0020696532543196568,-0.00011216743106619222,6.875787988692431e-06,,,,,8.894783684759679,True,3.0
bates_negative_mean,0.1,1,3,False,0.004853717068044845,2.277269072694027,0.008041674752550748,0.4455162284930438,-0.24287739604651581,1.2769010081355663,-0.03342616954342466,0.02244175339315394,0.0020697813320029747,-0.00011217683791368798,6.876868172332648e-06,,,,,8.894686206125037,True,2.0
heston_stage_bates_negative_mean,0.05,4,0,False,0.006091940438662808,16.05609629655052,0.008611996051044669,1.0059810872720385,-0.3861254609353026,,,,,,,,,,,29.60164909061912,True,
heston_stage_bates_negative_mean,0.05,4,1,True,0.006091937576887272,16.056524213851358,0.008611980272914503,1.0059976396309798,-0.3861238228707665,,,,,,,,,,,29.60170312226268,True,
heston_stage_bates_negative_mean,0.05,4,2,False,0.006091937217449079,16.056747771931335,0.00861196722906969,1.006004789174703,-0.3861241812197186,,,,,,,,,,,29.60171979807131,True,
bates_negative_mean,0.05,4,0,False,0.004968447771715304,2.2835712736076648,0.00839494193844602,0.4438537889183147,-0.2592713400572507,0.7900227355078555,-0.046984740970640475,0.014709456763539904,0.0019149629712322906,-0.00010603678141681878,6.225121512204974e-06,,,,,4.90289770828812,True,2.0
bates_negative_mean,0.05,4,1,False,0.004968355011238918,2.2836053039632445,0.008394716898982638,0.4438564329861778,-0.2592636306467767,0.7904724047056848,-0.04696665300863018,0.014726051343825295,0.0019150957413660858,-0.00010604760451845402,6.226604429352386e-06,,,,,4.902999671577858,True,3.0
bates_negative_mean,0.05,4,2,True,0.004968425100594909,2.283623573057256,0.008394875189485918,0.44385860704200486,-0.2592710143379927,0.79015695600026,-0.04697930470040939,0.01471379129819894,0.0019149854631838263,-0.00010603776650700446,6.2253386353489945e-06,,,,,4.902918509070961,True,3.0
bates_negative_mean,0.05,4,3,False,0.0049684645550466125,2.2836214155471874,0.008394989377004744,0.44385928154581117,-0.2592753282232509,0.7899367748817318,-0.0469884457238625,0.014704588199716373,0.0019149165006058736,-0.00010603058008431309,6.224370125051431e-06,,,,,4.9027900382404255,True,3.0
heston_stage_bates_negative_mean,0.1,3,0,False,0.005997396257824497,18.88994148693676,0.008528176999313769,1.0659080743685225,-0.3905927133277205,,,,,,,,,,,31.656522672928286,True,
heston_stage_bates_negative_mean,0.1,3,1,True,0.005997393205257533,18.890294873553493,0.008528163218456761,1.0659147453276672,-0.3905949942174685,,,,,,,,,,,31.65653272246552,True,
heston_stage_bates_negative_mean,0.1,3,2,False,0.005997392195689798,18.890186296407606,0.008528170997587764,1.0659122067845745,-0.3905950716289259,,,,,,,,,,,31.65651093234177,True,
bates_negative_mean,0.1,3,0,True,0.004879785208228626,2.08079022344412,0.008218648523302704,0.41618992421159495,-0.24411257888491242,0.6610571930037106,-0.055644659909720916,0.006604393831057172,0.002075684017415866,-0.0001187096479733179,6.877169657205853e-06,,,,,11.081594666881937,True,2.0
bates_negative_mean,0.1,3,1,False,0.004717806264684397,1.9240692503115833,0.00804792573512193,0.40604213637944947,-0.24488471976345558,1.3894434724708686,-0.030088782780998975,0.027507681391839102,0.00230926531200467,-0.00013275088948941146,9.23638559454217e-06,,,,,10.59707635728057,True,3.0
bates_negative_mean,0.1,3,2,False,0.0048799880832530946,2.0809904752424835,0.008219298968000138,0.41622561460651786,-0.24414910793324912,0.6605977875115626,-0.05566754314161182,0.006527346473594453,0.0020752558020054133,-0.00011865798422449486,6.870655070822869e-06,,,,,11.082723862905958,True,4.0
bates_negative_mean,0.1,3,3,False,0.00471788065053567,1.9246466058376732,0.008047486476183906,0.40607683588000787,-0.24488063848164648,1.3893264873731697,-0.030091942419722517,0.027504939999863916,0.002309125535499019,-0.00013274268605587366,9.235196161321106e-06,,,,,10.596982881320518,True,3.0
heston_stage_bates_strong,0.05,3,0,False,0.005690277740995175,3.980221116199185,0.00819128425306853,0.47892793154802327,-0.21880135999221503,,,,,,,,,,,17.346029263848767,True,
heston_stage_bates_strong,0.05,3,1,True,0.005690279838209123,3.9800844980110313,0.008191339166227137,0.47892430477339243,-0.21880167291390118,,,,,,,,,,,17.34601086738456,True,
heston_stage_bates_strong,0.05,3,2,False,0.00569027709981069,3.9803911489433927,0.00819123124959576,0.47893597341474653,-0.21880109149492957,,,,,,,,,,,17.345980344632068,True,
bates_strong,0.05,3,0,False,0.00490951592719015,2.319221211380703,0.008145913042432175,0.4274659429090526,-0.2569897250088363,4.027105063995574,-3.034931496244177e-05,0.01474693894664389,0.0008757871405969245,-7.973839416129836e-08,5.713805103943081e-07,,,,,5.356715565441756,True,3.0
bates_strong,0.05,3,1,False,0.004909232996254355,2.319348996508053,0.008145773652236158,0.42750752095183264,-0.25699441500848225,4.032582514830183,-2.998885069934996e-05,0.014738826163912819,0.0008760136107235586,-7.881170663100238e-08,5.708995488687287e-07,,,,,5.35598231161337,True,3.0
bates_strong,0.05,3,2,True,0.004909414607844959,2.3192895790322825,0.008145832282694936,0.4274809967086161,-0.2569905283207473,4.029011892041158,-3.029262389785091e-05,0.014744135818508603,0.0008758687432286989,-7.959686327206717e-08,5.712165234890333e-07,,,,,5.356461889670502,True,3.0
bates_strong,0.05,3,3,False,0.004909376888230879,2.319057110806843,0.008145990163894912,0.42747083515355194,-0.2569909500855837,4.029044618694943,-3.0634615816164025e-05,0.014744478360854721,0.0008759166394215728,-8.049987753721544e-08,5.712743579304654e-07,,,,,5.356408471138717,True,4.0
heston_stage_bates_strong,0.05,2,0,False,0.005689969306110974,3.95790909162128,0.008247087326145127,0.4842849473068362,-0.22599382345453495,,,,,,,,,,,16.6836898956548,True,
heston_stage_bates_strong,0.05,2,1,False,0.005689969729202441,3.958260981305577,0.008246953626784546,0.484303349854514,-0.2259907477435442,,,,,,,,,,,16.68354444111334,True,
heston_stage_bates_strong,0.05,2,2,True,0.005689972199496793,3.9576348485908546,0.008247176500031093,0.4842708420428282,-0.22599554598370272,,,,,,,,,,,16.68376025296402,True,
bates_strong,0.05,2,0,False,0.004897484940851144,2.4401867266824757,0.0081555094457044,0.4444080718932182,-0.26419799517285303,4.913270789843459,4.623323792217312e-05,0.01331857944558341,0.0008715488717700864,1.2088260794877652e-07,4.638035241495705e-07,,,,,4.070025088334747,True,3.0
bates_strong,0.05,2,1,False,0.004897532724791885,2.440182189652895,0.008155534834454716,0.444401955798035,-0.26419652850035363,4.912402021877946,4.6190353492497626e-05,0.013319418259853211,0.0008715045087652738,1.2076433576225957e-07,4.638383251262981e-07,,,,,4.070114113793556,True,3.0
bates_strong,0.05,2,2,False,0.004897447877362463,2.4403092968915914,0.008155404146717794,0.44441922306912046,-0.2641985052293843,4.9142661045004905,4.635814337576179e-05,0.013317445205402836,0.0008715770160981978,1.212130976363507e-07,4.6373953633926815e-07,,,,,4.069941581770638,True,3.0
bates_strong,0.05,2,3,True,0.004897609925500794,2.440198808699857,0.008155535788724296,0.4443935991736419,-0.264195705974991,4.910552799906811,4.620393692255798e-05,0.013321443876782522,0.0008714414402021623,1.2079110728650493e-07,4.6394584148006754e-07,,,,,4.070332216750207,True,3.0
heston_stage_bates_strong,0.05,1,0,False,0.005710409834246041,3.7949481801273,0.00820500218722299,0.4765273187217732,-0.21360898152165028,,,,,,,,,,,15.814933218788934,True,
heston_stage_bates_strong,0.05,1,1,True,0.005710403447963824,3.795812800225784,0.008204650340523869,0.4765594411437953,-0.21360725303308245,,,,,,,,,,,15.814841752644492,True,
heston_stage_bates_strong,0.05,1,2,False,0.005710409626870022,3.7951472986897214,0.008204916774531841,0.4765351631768111,-0.21360902436450382,,,,,,,,,,,15.814894537476182,True,
bates_strong,0.05,1,0,False,0.004901893238841067,2.4119736219782726,0.008068967589104853,0.44780596801488964,-0.24528318319409156,5.871493935977365,-0.00023492054218290717,0.012212143252724251,0.0008759777536982871,-6.172032620226425e-07,3.920656122662946e-07,,,,,4.460228411745666,True,3.0
bates_strong,0.05,1,1,True,0.004901879942608949,2.4119681501002073,0.008068951323504566,0.44780527360230554,-0.24528260715753678,5.871623857998611,-0.00023507833786928577,0.012212102500764163,0.0008759917282004388,-6.176274834948163e-07,3.920694459881947e-07,,,,,4.460222190949682,True,3.0
bates_strong,0.05,1,2,False,0.004901813964641218,2.4121302795213464,0.008068795949864331,0.4478226577171401,-0.24528490243138296,5.8737034635628085,-0.00023482061524637374,0.012210322101454488,0.000876045876279715,-6.169887874389156e-07,3.9197908721914046e-07,,,,,4.460089408646887,True,3.0
bates_strong,0.05,1,3,False,0.004901588011827763,2.4122661011295268,0.00806859822766252,0.44785493727519204,-0.24528860692594023,5.879436801109883,-0.0002346349053371473,0.012205748210936203,0.0008762438798744155,-6.166403043832499e-07,3.917738857359392e-07,,,,,4.459749607676642,True,3.0
heston_stage_bates_strong,0.1,1,0,False,0.005723141628081388,3.7295757551611213,0.008163512340716767,0.47588726752120997,-0.21075647375946702,,,,,,,,,,,17.862740149078483,True,
heston_stage_bates_strong,0.1,1,1,False,0.005723133615035143,3.7304130179530857,0.00816326368262366,0.47593637603322153,-0.2107515880946508,,,,,,,,,,,17.862613982518603,True,
heston_stage_bates_strong,0.1,1,2,True,0.005723139355703246,3.729905183691352,0.008163415382365969,0.47590672432153946,-0.21075498560528705,,,,,,,,,,,17.862678200669084,True,
bates_strong,0.1,1,0,False,0.004903975798845874,2.333871840652102,0.008033819546271156,0.446625578748993,-0.24052343752156025,5.785922551875847,-0.00044770956035348575,0.01238111154804395,0.0008880949478560125,-1.1917873313218084e-06,4.089469221123324e-07,,,,,8.923405981901231,True,3.0
bates_strong,0.1,1,1,True,0.004904355021321879,2.333729413268912,0.008034097739049222,0.44657466665807405,-0.24051572030242588,5.776821678225053,-0.0004482175586903841,0.012388488352042227,0.0008877562060699196,-1.1926833936181513e-06,4.0927878375944895e-07,,,,,8.923955612956666,True,3.0
bates_strong,0.1,1,2,False,0.004904210543626257,2.333603143516768,0.008034111240422082,0.44658135225920825,-0.24051878181404715,5.779606561118623,-0.0004481935518823161,0.012386464843608327,0.0008878943049582335,-1.1928048078350847e-06,4.092088569547911e-07,,,,,8.923756395540089,True,2.0
bates_strong,0.1,1,3,False,0.004904140271750453,2.333986760407075,0.008033817580704485,0.44661575780623236,-0.24051889732002174,5.782708576011905,-0.00044790332842234215,0.01238346142030143,0.0008879391471626004,-1.1920934623793412e-06,4.090306582773532e-07,,,,,8.923638627392453,True,3.0
heston_stage_bates_strong,0.1,2,0,True,0.005682392310888474,4.050012769334425,0.008249914869113398,0.49097047047021725,-0.23544337178427815,,,,,,,,,,,19.264818385568965,True,
heston_stage_bates_strong,0.1,2,1,False,0.005682390657876566,4.050097341180118,0.00824987054294214,0.49097126477307934,-0.2354447355870929,,,,,,,,,,,19.264857404127223,True,
heston_stage_bates_strong,0.1,2,2,False,0.005682397851569769,4.049715793735909,0.008250021213573268,0.49095928052649823,-0.23544520968642862,,,,,,,,,,,19.26482323975576,True,
bates_strong,0.1,2,0,False,0.004878085104057803,2.383231544840937,0.008201573453104382,0.4409113028595987,-0.2788411295334185,4.354316167216106,0.00010416695870596213,0.014347003377622028,0.0008963244731390031,2.800923398602516e-07,5.535180695250237e-07,,,,,8.14287153937103,True,3.0
bates_strong,0.1,2,1,False,0.004877817015877604,2.383276577574743,0.00820146259722965,0.44094323278204517,-0.2788460902979054,4.359546419546038,0.00010426752968354516,0.014340173404649112,0.0008965470206943649,2.804323456015861e-07,5.531285698997579e-07,,,,,8.142137630926987,True,2.0
bates_strong,0.1,2,2,True,0.004877671122647444,2.383557407709204,0.008201228004420563,0.44098118994734126,-0.2788489776708605,4.363001714281477,0.00010470618262488784,0.014335360807885942,0.0008966558962501852,2.816462311959604e-07,5.528247619911472e-07,,,,,8.141724131412847,True,2.0
bates_strong,0.1,2,3,False,0.004877608775004069,2.3834805298587116,0.00820127687991574,0.44098196413938906,-0.2788507487882123,4.364120042984561,0.00010465018644148608,0.014333947697623224,0.0008967088736385778,2.8151224905150446e-07,5.527484083522567e-07,,,,,8.141546399950956,True,3.0
heston_stage_bates_strong,0.05,4,0,True,0.005712194728597901,3.4507093257177965,0.008372826076866876,0.4621742116499104,-0.22057700708313024,,,,,,,,,,,14.468147607229584,True,
heston_stage_bates_strong,0.05,4,1,False,0.005712195858663614,3.450440622577725,0.008372967758479004,0.46216539744261587,-0.22057651441743917,,,,,,,,,,,14.46824016311254,True,
heston_stage_bates_strong,0.05,4,2,False,0.0057121955988543565,3.45065257472562,0.008372852630172473,0.46217289990459853,-0.22057562912417927,,,,,,,,,,,14.468149589247211,True,
bates_strong,0.05,4,0,False,0.00509758448984627,2.293731781748966,0.008366256558877657,0.4268877911738731,-0.2495444351134136,3.1205005906832146,-4.0254806723846136e-05,0.014816461015162099,0.0006850408031263501,-8.272814827739956e-08,4.511592498960582e-07,,,,,4.695963590508859,True,3.0
bates_strong,0.05,4,1,False,0.005097531530739714,2.2938128738039336,0.00836618446736734,0.42689926982464954,-0.2495457669805704,3.121561916356928,-4.0084956511157603e-05,0.014814387992647136,0.0006850820091972785,-8.238404552452049e-08,4.510601153060803e-07,,,,,4.695915928035406,True,3.0
bates_strong,0.05,4,2,False,0.005097687731942013,2.2937064062550983,0.00836629523118597,0.4268738119587465,-0.24954377159851615,3.118580925518534,-4.032156973509663e-05,0.014820107302830348,0.0006849564020901053,-8.285514311389339e-08,4.5132573175320846e-07,,,,,4.696051502313108,True,3.0
bates_strong,0.05,4,3,True,0.005097693529726216,2.2936876460476783,0.00836633084968137,0.4268737494503926,-0.2495426756052381,3.118630203099403,-4.036686312052109e-05,0.014819903050510334,0.0006849483563630706,-8.294723936863237e-08,4.513079977238025e-07,,,,,4.696099646018974,True,4.0
heston_stage_bates_strong,0.1,3,0,False,0.0056835704758783955,4.106664114700797,0.008137391249454557,0.480880707805884,-0.22117924929182697,,,,,,,,,,,21.016446524808895,True,
heston_stage_bates_strong,0.1,3,1,False,0.0056835670788236295,4.107332858227101,0.008137209793160781,0.4809210177212331,-0.22117284547959642,,,,,,,,,,,21.016111397502904,True,
heston_stage_bates_strong,0.1,3,2,True,0.0056835704529581725,4.107042884366979,0.00813726781856536,0.48090121304714323,-0.22117421716931532,,,,,,,,,,,21.016260434148464,True,
bates_strong,0.1,3,0,True,0.004884730598130187,2.1171865528862552,0.00818304397084274,0.40680188356670777,-0.2652620901563055,3.0828568900794413,-0.00012543211971381316,0.017365678938855593,0.0009297358058917164,-3.498440309882167e-07,8.411762511296468e-07,,,,,10.715447531280805,True,3.0
bates_strong,0.1,3,1,False,0.004884416215252697,2.1172323833503635,0.008183078912016573,0.4068480002288803,-0.2652700170957263,3.0876416547816423,-0.00012413619945016884,0.017354388849335285,0.0009299674758613593,-3.463160714142073e-07,8.402913304185321e-07,,,,,10.714616576364103,True,3.0
bates_strong,0.1,3,2,False,0.004884767228643521,2.117075378765875,0.008183188915207668,0.40679488456684376,-0.2652617229440238,3.082402653334429,-0.000125447554775336,0.01736670903477362,0.0009297091092072215,-3.498770327759693e-07,8.412518967038586e-07,,,,,10.715485671290645,True,3.0
bates_strong,0.1,3,3,False,0.004884765782631891,2.1167779702807237,0.008183445863701636,0.4067777511490895,-0.2652615917436393,3.082065041037218,-0.00012553818020239962,0.017367832857616786,0.000929727659119549,-3.501367597383519e-07,8.413776221946363e-07,,,,,10.715542391837856,True,3.0
heston_stage_bates_negative_mean,0.1,4,0,True,0.006131034224690439,14.734141016265026,0.008651173790416576,0.9724394156007204,-0.38730771681464593,,,,,,,,,,,31.35358777750894,True,
heston_stage_bates_negative_mean,0.1,4,1,False,0.006131039113500933,14.733645834812977,0.008651203725820553,0.9724255522019517,-0.3873071455682423,,,,,,,,,,,31.353579934046987,True,
heston_stage_bates_negative_mean,0.1,4,2,False,0.006131032076089483,14.734008021631617,0.008651179367391865,0.9724336287912334,-0.3873076313255685,,,,,,,,,,,31.35357680780748,True,
bates_negative_mean,0.1,4,0,False,0.005043424769654944,2.1088774828188552,0.008714520273327935,0.44053003299833754,-0.2694415746649622,0.6431622110272754,-0.05280544764504174,0.006205050313242314,0.0018181667993610966,-9.862440176480378e-05,5.41791840033921e-06,,,,,9.805741787252268,True,3.0
bates_negative_mean,0.1,4,1,True,0.005043167328177493,2.108043257508774,0.00871451783346387,0.44046755282513383,-0.26940439539124267,0.643694554574414,-0.052781205869771065,0.006285159265328222,0.0018186681515593866,-9.867574039947381e-05,5.423754350811269e-06,,,,,9.806240722721613,True,3.0
bates_negative_mean,0.1,4,2,False,0.005043134190912959,2.1081261716827555,0.008714382140684459,0.44047504809570254,-0.2694027802865547,0.6438344477652751,-0.05277392865873134,0.006303302476996468,0.0018187158891905452,-9.86807587317484e-05,5.424552918638604e-06,,,,,9.80641286174451,True,3.0
bates_negative_mean,0.1,4,3,False,0.005042855936560707,2.108051688580742,0.008713584236446238,0.4404570297557768,-0.26937031671918565,0.6445557084307703,-0.052739404804763204,0.006398521362968887,0.0018191849398833473,-9.872619059303432e-05,5.430198695157336e-06,,,,,9.806792534791327,True,3.0
heston_stage_bates_strong,0.1,4,0,True,0.005725795206324662,3.1040975362093,0.00850522410405393,0.4497417837215062,-0.22462635087238297,,,,,,,,,,,15.677944450052442,True,
heston_stage_bates_strong,0.1,4,1,False,0.005725794825307172,3.1038886469460683,0.008505341119382679,0.4497306482408845,-0.22462708225957956,,,,,,,,,,,15.678087832767316,True,
heston_stage_bates_strong,0.1,4,2,False,0.005725795038425055,3.1034730035593245,0.008505577862785605,0.44971009166537146,-0.22462837340751243,,,,,,,,,,,15.678357214848457,True,
bates_strong,0.1,4,0,False,0.005251323192980721,2.107727331899883,0.008596207692948186,0.4093848489254079,-0.2509854311817667,1.567397892260116,7.554708896321544e-06,0.01879135459596833,0.0005534718080185927,1.254395382405927e-08,5.8631769976987e-07,,,,,9.377553662087198,True,3.0
bates_strong,0.1,4,1,True,0.005251389439343775,2.107861837827904,0.008596173027624792,0.40939146101207163,-0.2509824353877526,1.5671680657590652,7.937630633469628e-06,0.018791445665310803,0.0005533960259693485,1.3177958176985424e-08,5.862431124966721e-07,,,,,9.377823428643564,True,3.0
bates_strong,0.1,4,2,False,0.0052512251251696914,2.108086664278126,0.008595994781566396,0.4094256826150718,-0.25097690917131615,1.5696053852276766,7.525502539313121e-06,0.01877852632050151,0.0005534948243892502,1.249597878140362e-08,5.85541799567495e-07,,,,,9.377516101316466,True,3.0
bates_strong,0.1,4,3,False,0.005250805776964106,2.1087593101966835,0.008595446128580615,0.40951900165649047,-0.2509806032964046,1.5755569185402645,9.512770216642154e-06,0.018747527044399092,0.000553760770799713,1.5803394190228968e-08,5.838906630439999e-07,,,,,9.376930027420759,True,3.0
hbmj_adjacent,0.05,2,0,True,0.0047980561482012934,2.3378101142690384,0.008225291443627169,0.44524620741764115,-0.2602400170603414,1.2760879348805303,-0.015890496827325726,0.017868557417018222,0.0007296584466235383,-2.4543361738501114e-05,1.0889139565974529e-06,0.0055476472179150004,0.0055623681455616945,0.003984775123530957,0.0033153408056720342,4.072356625109229,True,3.0
hbmj_adjacent,0.05,2,1,False,0.004797924581356117,2.3378103092282125,0.00822531447268661,0.44526380580656455,-0.26026725313638577,1.2773192225482697,-0.015875472539227574,0.017869014803566178,0.000729773752747515,-2.453513204317235e-05,1.0885607928170896e-06,0.0055549936431411534,0.005554993850789283,0.003984788936069765,0.0033154985926979073,4.071910393615076,True,3.0
hbmj_adjacent,0.05,1,0,True,0.004878156430390534,2.464277594367894,0.00814078508713748,0.4583681892464225,-0.2489835532291511,1.2409752348121061,-0.017277302222956023,0.01457147639900484,0.0006339312219410758,-2.0057541745772602e-05,7.503441123815016e-07,0.005646925831931306,0.00542193599999114,0.004063619488757497,0.0033681119599797897,4.396097339753378,True,4.0
hbmj_adjacent,0.05,1,1,False,0.004878138244574024,2.464827413139992,0.008140593475779808,0.4584126461690637,-0.24899942417516455,1.2416290518367707,-0.01727324062297629,0.01456496137161957,0.0006338552830605761,-2.004816839143077e-05,7.496914024829122e-07,0.005489403497820368,0.0055814308072248955,0.004063771827829453,0.003368643854765087,4.3964765689622665,True,2.0
hbmj_spread,0.1,1,0,False,0.004921244973189125,2.5271592984273883,0.007850500656226781,0.44476870969716104,-0.2514430367324651,1.08648351352642,-0.01786012994788377,0.016764818561333054,0.000651937243192779,-2.2551441174318223e-05,9.524704353297975e-07,0.005942302530264963,0.00496402536116316,0.003256641996058652,0.0040164573463022015,8.319329869004308,True,3.0
hbmj_spread,0.1,1,1,True,0.004921157493572803,2.5272403916650705,0.007850332138967697,0.44477960370034886,-0.25145487247128945,1.0872162217941932,-0.017847418781190758,0.01676848440887062,0.0006520170785259913,-2.2548937409673307e-05,9.52446863235909e-07,0.005942305820132595,0.004964045704755594,0.0032566792503180685,0.0040167170403750925,8.319384715870703,True,3.0
hbmj_spread,0.05,1,0,False,0.004908296067722917,2.5118493041536607,0.007977550382874838,0.4475143605949408,-0.25113829601290044,1.0732846924083388,-0.0184313748404026,0.01600259885861243,0.0006394616767755604,-2.191789001423558e-05,8.952429668502797e-07,0.005971449543211299,0.004982241689126465,0.0036510522679865775,0.0037701873453188125,4.160215434980252,True,3.0
hbmj_spread,0.05,1,1,True,0.0049084066150763645,2.5116672447034554,0.007977719302108537,0.44749467555764366,-0.2511206077928665,1.0720979638483579,-0.01845060832271709,0.0159985861648592,0.0006393774692900947,-2.1922913578007526e-05,8.954462104335036e-07,0.005971449628648938,0.004982212854374192,0.0036509538270344433,0.003770093138233655,4.16014597901783,True,4.0
hbmj_spread,0.05,3,0,True,0.004846625581202463,2.498099878758777,0.007916763829937333,0.44448418122375966,-0.25257496723737644,1.1815293911774665,-0.01647569713566601,0.017346763412874194,0.0006762587409644302,-2.285718333390698e-05,9.870674908003331e-07,0.006010569291167335,0.005141805297081154,0.0036548119292547664,0.003984114123955083,5.053009189796922,True,4.0
hbmj_spread,0.05,3,1,False,0.0048465688096753,2.4975840387172337,0.007917049608960806,0.444459062963213,-0.2525783999301392,1.1817078281439808,-0.016471950926982136,0.017350311792145637,0.0006763605041500846,-2.2860224235125373e-05,9.87373634572847e-07,0.006010556925745744,0.005141785727285871,0.003654601398791721,0.003984103683430642,5.052834858826744,True,3.0
hbmj_adjacent,0.05,4,0,True,0.005000098671909208,2.413500779605729,0.008182869405481722,0.4415779871402077,-0.24748404367058902,0.5548587257278791,-0.0300140264084847,0.01210826974840313,0.000581187869524158,-2.232694690511566e-05,9.257457769454886e-07,0.005460767374355654,0.005454747809725713,0.003920359591003102,0.0027401918954173296,4.979244966127116,True,3.0
hbmj_adjacent,0.05,4,1,False,0.005000167796233679,2.413938234534108,0.008182618137508675,0.4415994666781432,-0.24748884120528966,0.5536562374473994,-0.03006450895956728,0.012068970575677938,0.0005810814606093982,-2.2319069244564714e-05,9.249329224106359e-07,0.00543282350825582,0.005482552715446428,0.0039204539533338675,0.002740095322697912,4.979194653442312,True,3.0
hbmj_adjacent,0.1,2,0,False,0.004707428846292522,1.0798991966321407,0.009678195289669948,0.3683275945058001,-0.2582327225990575,1.473924054884527,-0.013872443933361829,0.024406120895421136,0.0011616046147786769,-4.047307848293282e-05,2.637220325826587e-06,0.005221373255480142,0.0057060388399035,3.939219560535894e-11,3.941613137244056e-11,10.637481050953278,True,2.0
hbmj_adjacent,0.1,2,1,True,0.004703998279916935,2.16273328031975,0.008398828619483097,0.4395061011944092,-0.27071495985856353,1.411940546581774,-0.01457698032548766,0.019375415667322496,0.0008300729114474252,-2.755307126409656e-05,1.3364854554491662e-06,0.005584715008780736,0.005585210019506942,0.003962097208745697,0.003111177135502618,8.160517233516101,True,4.0
hbmj_adjacent,0.1,1,0,False,0.004855582225502266,2.4649529331407067,0.008162805941574277,0.469709832703007,-0.248566480692154,1.5605063406218354,-0.014931963824074381,0.01369029717711062,0.0006404127334920098,-1.82971230724663e-05,6.332985832333235e-07,0.005549830612406315,0.005550242701692301,0.0041433055192390865,0.003242895527519981,8.816564022414102,True,3.0
hbmj_adjacent,0.1,1,1,True,0.004854946533088227,2.4660319412722655,0.00816225187575014,0.4698676644216137,-0.24866402161238513,1.5697918162290445,-0.014861527068616192,0.013686553655904947,0.0006407682004715412,-1.826304087189906e-05,6.315061401191136e-07,0.0055365816419396825,0.005563587531662429,0.00414417289560013,0.0032449674674559594,8.817011932388748,True,3.0
hbmj_adjacent,0.05,3,0,False,0.004820133562515806,2.321156968559286,0.008345255969102568,0.4444351521146281,-0.25638441696815534,1.3167524494918121,-0.015345148356135206,0.016723575595945905,0.0006783270768898273,-2.1711242882951598e-05,9.023016844181193e-07,0.00548447410383764,0.005536740561375923,0.004298005962292792,0.0035505561142588566,5.224253948725422,True,3.0
hbmj_adjacent,0.05,3,1,True,0.0048201787393400515,2.322143518651496,0.00834483924858969,0.44450782808293327,-0.256391851671724,1.317299958748612,-0.015348795717729234,0.01670872506834165,0.0006781025786820777,-2.1697581299638632e-05,9.009728147407165e-07,0.0055593569560781295,0.005461684835105867,0.004298370564145558,0.0035510365372289766,5.2235737854209425,True,3.0
hbmj_spread,0.1,3,0,False,0.00479275080849624,2.4900002952991804,0.00773840108904363,0.43888781694243256,-0.25664911174980853,1.305414985886075,-0.014435204995938677,0.018740317791804847,0.00073047713933116,-2.3780547306630578e-05,1.1129067175399512e-06,0.0060183323310775624,0.005275227483291011,0.003274588206196585,0.004406821909623683,10.07555328676038,True,3.0
hbmj_spread,0.1,3,1,True,0.004792654537858227,2.4903545867230905,0.007738483042393069,0.4389388222827109,-0.2566717581024609,1.3068379668168082,-0.014425240929925696,0.0187313315321953,0.000730457547904463,-2.3765572235957658e-05,1.111695205253942e-06,0.006018323387044778,0.005275371870536984,0.0032745369130538974,0.004407168644475837,10.07520489399305,True,3.0
hbmj_spread,0.05,2,0,False,0.004856504273825516,1.8683985912379442,0.00844072684266223,0.42761238473181934,-0.24210890316383268,1.0354353339965663,-0.02051828639442531,0.01730719517737747,0.0007460716244810183,-2.8035738485157372e-05,1.2456779674787257e-06,0.005965061675361372,0.004905594768558278,0.0038970485458755186,0.00374898374493473,4.627965721913618,True,3.0
hbmj_spread,0.05,2,1,True,0.004856541468457014,1.868403097923738,0.008441019312112647,0.42762264115536214,-0.24211350488263517,1.0353576532446778,-0.02052083590884254,0.017303514256807623,0.0007459920779511896,-2.803122119709553e-05,1.2453001480623523e-06,0.005965062009058584,0.004905652332300214,0.0038970733924224826,0.003748973496637022,4.627999671050697,True,2.0
hbmj_spread,0.05,4,0,True,0.004968735262739861,3.2240484316692686,0.007732156679112247,0.4732612663563463,-0.2583269261314365,0.47851170105192364,-0.03296781818917549,0.00011887522970768331,0.0005200901414066627,-1.7146683080788105e-05,5.653107790358564e-07,0.006032424177858822,0.004888890868091074,0.0040112203508795635,0.003872441240985894,4.611861093226279,True,3.0
hbmj_spread,0.05,4,1,False,0.004968378520340755,3.2224780959552755,0.007732028830459441,0.4731732939211046,-0.25828560101618386,0.4806916553774326,-0.03288337194672577,0.0013705792072126394,0.0005206826236121225,-1.7181185985637485e-05,5.679096164377374e-07,0.006032460029333374,0.004888776877590662,0.004010858814136763,0.003871855470648407,4.611420505268554,True,2.0
hbmj_spread,0.1,2,0,False,0.004813637862472527,1.254451680473472,0.009199420816747045,0.40504422887662644,-0.2336059756546222,1.0659860787180395,-0.02115453934037566,0.01923985112288127,0.0008716423254827779,-3.513427229495085e-05,1.7112217574623568e-06,0.005928580663025379,0.004805977971130098,0.0037770024174948935,0.003954792317417694,9.242477957885583,True,3.0
hbmj_spread,0.1,2,1,True,0.004813568618910163,1.2535695452343518,0.009201773306292606,0.4050045365061975,-0.23360021538315529,1.0662007430506075,-0.021151582831321476,0.019242165161608843,0.0008717794388486453,-3.513964013023936e-05,1.711616580352017e-06,0.005928551190490571,0.004805882956689405,0.003776844600810578,0.003954387450403031,9.24284672229692,True,2.0
hbmj_spread,0.1,4,0,False,0.004999362512775928,3.877413155676849,0.007483699988317541,0.4917272648522122,-0.2643804483681771,0.4445049697061901,-0.03263231265052931,9.518163119728261e-05,0.00047334306904787336,-1.5446541841550764e-05,5.040692475585132e-07,0.006067021959998099,0.00476477648519056,0.00398895270892426,0.004155941224312504,9.281051420021459,True,4.0
hbmj_spread,0.1,4,1,True,0.004999385153077784,3.87862988065038,0.007483281023546484,0.49177396089529263,-0.2643855882021551,0.44453863832495777,-0.032629020717552394,1.1508040828581981e-05,0.00047327945066326946,-1.544264884278613e-05,5.038786970614524e-07,0.006067032389372247,0.004764887161323729,0.0039889877765254,0.004155875543886335,9.281364076584255,True,2.0
hbmj_adjacent,0.1,3,0,True,0.004739514970960363,2.1063493823407518,0.008675482097933382,0.4372271639653611,-0.2637157856459088,1.5656783225561637,-0.012815655462732629,0.017540446634758077,0.0007388565847196453,-2.1815738239371256e-05,9.615489458598384e-07,0.005453595863407775,0.005538095612638013,0.004557415743409999,0.003588122282221319,10.446558143856816,True,3.0
hbmj_adjacent,0.1,3,1,False,0.004740034306551455,2.107112374359897,0.008674814160548923,0.43721175795843653,-0.2636274536993875,1.5615958435648731,-0.012852550300626677,0.017537317237880257,0.0007382374783422395,-2.183389308008584e-05,9.617726197302613e-07,0.005514975514016039,0.005477239973691314,0.004557712500898681,0.0035881285307323716,10.445977660336347,True,2.0
hbmj_adjacent,0.1,4,0,True,0.005096264603219849,2.3399380956796674,0.008270959674807572,0.43569571227011694,-0.2461760395018086,0.31827116549211437,-0.04110031395976683,0.0017529314754262302,0.0005386130229668792,-2.2217554398472874e-05,9.181135610035639e-07,0.005136463297166462,0.005633291005152689,0.0038407072576303043,0.0016701297109654961,10.080101006012548,True,2.0
hbmj_adjacent,0.1,4,1,False,0.005095298010665934,2.3393809800515784,0.008268508942148698,0.43562210754378716,-0.2461030441066082,0.3229103230002274,-0.04075301495372252,0.0034297006598996422,0.000540090465886594,-2.2319902821233528e-05,9.286623373671635e-07,0.0051600740620353375,0.005611967197759777,0.0038405055473861114,0.001669315914370055,10.07847010801859,True,3.0
