case,noise_volpts,quantity,true,mean_fit,min_fit,max_fit,mean_abs_rel_err_%,max_abs_rel_err_%,n_seeds
bates_negative_mean,0.05,v0,0.0049,0.004893924883477875,0.0048366657361467,0.0049684251005949,0.8221972820321384,1.396430624385715,4
bates_negative_mean,0.05,kappa,2.5,2.320522978267702,2.283623573057256,2.3820112412450887,7.179080869291927,8.655057077709767,4
bates_negative_mean,0.05,theta,0.0081,0.00817746247561275,0.00806447524853,0.0083948751894859,1.2444303790648161,3.6404344380975426,4
bates_negative_mean,0.05,sigma,0.45,0.44120333463968175,0.4320385784992754,0.4471726487527239,1.9548145245151587,3.9914270001610235,4
bates_negative_mean,0.05,rho,-0.25,-0.2520076420793852,-0.2592710143379927,-0.2461212216103875,2.1242052480666325,3.7084057351970845,4
bates_negative_mean,0.05,lam,1.0,0.9705191334370142,0.7464775584423117,1.1844888046284991,20.220187621572844,25.352244155768833,4
bates_negative_mean,0.05,mu_J,-0.04,-0.041947861952716575,-0.0504951794015942,-0.0345105500536365,16.973450245712936,26.237948503985486,4
bates_negative_mean,0.05,sigma_J,0.02,0.018451455024123275,0.0128910622506086,0.024393028514482,23.24514124859762,35.544688746957,4
bates_negative_mean,0.05,jump_var_rate,0.002,0.0020246151870309498,0.0019149854631838,0.0021154945236961,3.356122771952497,5.7747261848049884,4
bates_negative_mean,0.05,jump_c3_rate,-0.000112,-0.00011379939828050001,-0.000121652560285,-0.000106037766507,4.268316988392856,8.618357397321432,4
bates_negative_mean,0.05,jump_c4_rate,6.88e-06,6.98901429459755e-06,6.2253386353489945e-06,7.974580410589274e-06,6.831400053721227,15.909598991123161,4
bates_negative_mean,0.05,short_var_rate,0.0069,0.006918540070508825,0.0068834105637787,0.006952160259842801,0.3889099799923937,0.7559457948232,4
bates_negative_mean,0.1,v0,0.0049,0.0048888540155471,0.0047787265143148,0.0050431673281774,1.6883601743183654,2.9217822077020363,4
bates_negative_mean,0.1,kappa,2.5,2.1540932188448036,2.08079022344412,2.277416436741849,13.836271246207847,16.7683910622352,4
bates_negative_mean,0.1,theta,0.0081,0.008274094663643726,0.0080416244325717,0.0087145178334638,2.5096598439243842,7.586639919306172,4
bates_negative_mean,0.1,sigma,0.45,0.4338796087844242,0.4161899242115949,0.4455257022035432,3.5823091590168423,7.513350175201136,4
bates_negative_mean,0.1,rho,-0.25,-0.2549891212436997,-0.2694043953912426,-0.2428795561360843,4.59722149328054,7.761758156497045,4
bates_negative_mean,0.1,lam,1.0,0.9653470876551706,0.643694554574414,1.2797881393150403,31.297121386610836,35.630544542558596,4
bates_negative_mean,0.1,mu_J,-0.04,-0.04345024922597988,-0.0556446599097209,-0.0319475640159294,26.906709159415186,39.11164977430225,4
bates_negative_mean,0.1,sigma_J,0.02,0.015516185039401525,0.0062851592653282,0.0267348117661918,45.357042456044375,68.574203673359,4
bates_negative_mean,0.1,jump_var_rate,0.002,0.002046257289817975,0.0018186681515593,0.0022209405062102,6.846160701916252,11.04702531050999,4
bates_negative_mean,0.1,jump_c3_rate,-0.000112,-0.00011473967988464344,-0.0001294003513545,-9.86757403994738e-05,8.394472932952276,15.536027995089281,4
bates_negative_mean,0.1,jump_c4_rate,6.88e-06,7.018411732895396e-06,5.423754350811269e-06,8.89627875623478e-06,12.641390192180154,29.306377270854345,4
bates_negative_mean,0.1,short_var_rate,0.0069,0.006935111305365074,0.006861835479736699,0.0069996670205249995,0.7854139927061607,1.4444495728260807,4
bates_strong,0.05,v0,0.0049,0.004951649501420175,0.0048976099255007,0.0050976935297262,1.0784599728535742,4.03456183114694,4
bates_strong,0.05,kappa,2.5,2.366286045970006,2.2936876460476783,2.440198808699857,5.348558161199746,8.252494158092869,4
bates_strong,0.05,theta,0.0081,0.008184162561151224,0.0080689513235045,0.0083663308496813,1.2307024617157392,3.2880351812506134,4
bates_strong,0.05,sigma,0.45,0.43663840473373905,0.4268737494503926,0.4478052736023055,2.969243392502442,5.139166788801652,4
bates_strong,0.05,rho,-0.25,-0.2540028792646283,-0.264195705974991,-0.2452826071575367,2.63609515329635,5.678282389996392,4
bates_strong,0.05,lam,6.0,4.4824546882614955,3.118630203099403,5.871623857998611,25.2924218623084,48.022829948343286,4
bates_strong,0.05,mu_J,0.0,-6.48834719912535e-05,-0.0002350783378692,4.620393692255798e-05,,,4
bates_strong,0.05,sigma_J,0.012,0.013774396311641374,0.0122121025007641,0.0148199030505103,14.786635930344787,23.49919208758583,4
bates_strong,0.05,jump_var_rate,0.000864,0.0008270625669985251,0.000684948356363,0.0008759917282004,6.086619076044563,20.723569865393518,4
bates_strong,0.05,jump_c3_rate,0.0,-1.6484511971225272e-07,-6.176274834948163e-07,1.2079110728650493e-07,,,4
bates_strong,0.05,jump_c4_rate,3.73248e-07,4.696349521702745e-07,3.920694459881947e-07,5.712165234890333e-07,25.82383620817112,53.03940637030429,4
bates_strong,0.05,short_var_rate,0.005764,0.0057787120684187005,0.0057690513657028,0.005785283351073501,0.2552406040718292,0.36924620183033563,4
bates_strong,0.1,v0,0.0049,0.00497953654536075,0.0048776711226474,0.0052513894393437,2.0068507137142872,7.171213047830613,4
bates_strong,0.1,kappa,2.5,2.2355838029230686,2.107861837827904,2.383557407709204,10.576647883077248,15.685526486883834,4
bates_strong,0.1,theta,0.0081,0.008253635685484276,0.0080340977390492,0.0085961730276247,2.3035409377737674,6.125592933638274,4
bates_strong,0.1,sigma,0.45,0.4259373002960486,0.4068018835667077,0.446574666658074,5.347266600878086,9.59958142962051,4
bates_strong,0.1,rho,-0.25,-0.25890230587933605,-0.2788489776708605,-0.2405157203024258,5.4577782912492765,11.53959106834419,4
bates_strong,0.1,lam,6.0,3.697462087086259,1.5671680657590652,5.776821678225053,38.375631881895686,73.8805322373489,4
bates_strong,0.1,mu_J,0.0,-0.0001152514662864576,-0.0004482175586903,0.0001047061826248,,,4
bates_strong,0.1,sigma_J,0.012,0.015720243441023598,0.0123884883520422,0.0187914456653108,31.002028675196662,56.59538054425667,4
bates_strong,0.1,jump_var_rate,0.000864,0.00081688598354525,0.0005533960259693,0.0009297358058917,12.521755851921297,35.94953403133102,4
bates_strong,0.1,jump_c3_rate,0.0,-3.1192580880835547e-07,-1.1926833936181511e-06,2.816462311959604e-07,,,4
bates_strong,0.1,jump_c4_rate,3.73248e-07,5.973807273442287e-07,4.09278783759449e-07,8.411762511296468e-07,60.04927751635073,125.3665796279275,4
bates_strong,0.1,short_var_rate,0.005764,0.005796422528906,0.0057743270188975,0.005814466404021799,0.5625005014920156,0.8755448303573803,4
hbmj_adjacent,0.05,v0,0.0049,0.004874122497460225,0.0047980561482012,0.0050000986719092,1.5495273162117322,2.0804867714040833,4
hbmj_adjacent,0.05,kappa,2.5,2.384433001723539,2.322143518651496,2.464277594367894,4.622679931058427,7.114259253940159,4
hbmj_adjacent,0.05,theta,0.0081,0.00822344629620895,0.0081407850871374,0.0083448392485896,1.5240283482586459,3.0227067727111168,4
hbmj_adjacent,0.05,sigma,0.45,0.44742505297180113,0.4415779871402077,0.4583681892464225,1.502009255868917,1.8715584132871839,4
hbmj_adjacent,0.05,rho,-0.25,-0.2532748664079514,-0.2602400170603414,-0.247484043670589,2.0164271832325302,4.0960068241365555,4
hbmj_adjacent,0.05,lam,1.0,1.0973054635422819,0.5548587257278791,1.317299958748612,31.987610067834225,44.51412742721209,4
hbmj_adjacent,0.05,mu_J,-0.02,-0.019632655294123898,-0.0300140264084847,-0.0153487957177292,26.871789550592258,50.070132042423495,4
hbmj_adjacent,0.05,sigma_J,0.015,0.015314257158191926,0.0121082697484031,0.0178685574170182,13.162560563253171,19.27820167731267,4
hbmj_adjacent,0.05,jump_var_rate,0.000625,0.00065572002919265,0.0005811878695241,0.0007296584466235,8.420175108895997,16.74535145976,4
hbmj_adjacent,0.05,jump_c3_rate,-2.15e-05,-2.2156357922257e-05,-2.4543361738501118e-05,-2.00575417457726e-05,6.407381624980011,14.15517087674938,4
hbmj_adjacent,0.05,jump_c4_rate,8.518749999999998e-07,9.164941651662899e-07,7.503441123815016e-07,1.0889139565974529e-06,13.54478168458274,27.82555616697909,4
hbmj_adjacent,0.05,sigma_FOMC,0.006,0.00555367434507,0.0054607673743556,0.0056469258319313,7.438760915500003,8.987210427406662,4
hbmj_adjacent,0.05,sigma_ECB,0.005,0.00547518419759605,0.0054219359999911,0.0055623681455616,9.503683951920996,11.247362911231995,4
hbmj_adjacent,0.05,sigma_CPI,0.004,0.004066781191859225,0.0039203595910031,0.0042983705641455,2.8553458648056287,7.4592641036375085,4
hbmj_adjacent,0.05,sigma_NFP,0.0035,0.003243670299574475,0.0027401918954173,0.0035510365372289,8.052799115427858,21.708802988077142,4
hbmj_adjacent,0.05,var_FOMC,3.6e-05,3.0847647771923386e-05,2.981998031682656e-05,3.1887771351333e-05,14.312089522435038,17.16672134214845,4
hbmj_adjacent,0.05,var_ECB,2.5e-05,2.9980401070122467e-05,2.9397389987999485e-05,3.093993938675839e-05,19.921604280489866,23.75975754703357,4
hbmj_adjacent,0.05,var_CPI,1.6e-05,1.6559161241000537e-05,1.5369219322769993e-05,1.8475989506712508e-05,5.8458449191262,15.474934416953179,4
hbmj_adjacent,0.05,var_NFP,1.2250000000000001e-05,1.0613543736289358e-05,7.508651623710656e-06,1.2609860488734616e-05,14.82764496390163,38.704884704402815,4
hbmj_adjacent,0.05,var_FOMC_plus_ECB,6.1000000000000005e-05,6.0828048842045853e-05,5.957425398453388e-05,6.171632904119843e-05,1.1027808987206589,2.3372885499444673,4
hbmj_adjacent,0.05,short_var_rate,0.0055249999999999995,0.005529842526652874,0.005498281318022,0.0055812865414333,0.44629939323302664,1.0187609309194592,4
hbmj_adjacent,0.1,v0,0.0049,0.004848681096796301,0.0047039982799169,0.0050962646032198,3.0500245880326533,4.0054000657102105,4
hbmj_adjacent,0.1,kappa,2.5,2.2687631749031087,2.106349382340752,2.466031941272265,9.24947300387565,15.746024706369912,4
hbmj_adjacent,0.1,theta,0.0081,0.008376880566993476,0.0081622518757501,0.0086754820979333,3.4182786048577203,7.104717258435812,4
hbmj_adjacent,0.1,sigma,0.45,0.4455741604628752,0.4356957122701169,0.4698676644216137,3.19103816620703,4.415036538136377,4
hbmj_adjacent,0.1,rho,-0.25,-0.2573177016546665,-0.2707149598585635,-0.2461760395018086,3.9590684390278574,8.28598394342539,4
hbmj_adjacent,0.1,lam,1.0,1.216420462714774,0.3182711654921143,1.5697918162290443,55.72848799687169,68.17288345078858,4
hbmj_adjacent,0.1,mu_J,-0.02,-0.020838619204150775,-0.0411003139597668,-0.0128156554627326,48.557688878663136,105.501569798834,4
hbmj_adjacent,0.1,sigma_J,0.015,0.013088836858352874,0.0017529314754262,0.0193754156673224,35.79396195124884,88.31379016382533,4
hbmj_adjacent,0.1,jump_var_rate,0.000625,0.000687077679901325,0.0005386130229668,0.0008300729114474,16.843386946867998,32.811665831584,4
hbmj_adjacent,0.1,jump_c3_rate,-2.15e-05,-2.2462351193459936e-05,-2.755307126409656e-05,-1.826304087189906e-05,12.003863988420502,28.153819833007258,4
hbmj_adjacent,0.1,jump_c4_rate,8.518749999999998e-07,9.619135256079205e-07,6.315061401191136e-07,1.3364854554491662e-06,25.851557511179916,56.887507609586685,4
hbmj_adjacent,0.1,sigma_FOMC,0.006,0.0054278389528235995,0.0051364632971664,0.0055847150087807,9.536017452940003,14.392278380560004,4
hbmj_adjacent,0.1,sigma_ECB,0.005,0.0055800460422399745,0.005538095612638,0.0056332910051526,11.600920844799496,12.665820103051999,4
hbmj_adjacent,0.1,sigma_CPI,0.004,0.004126098276346475,0.0038407072576303,0.0045574157434099,5.617401078963124,13.935393585247498,4
hbmj_adjacent,0.1,sigma_NFP,0.0035,0.0029035991490363004,0.0016701297109654,0.0035881222822213,18.29891405926714,52.28200825813143,4
hbmj_adjacent,0.1,var_FOMC,3.6e-05,2.9491935262919525e-05,2.6383255203137524e-05,3.118904172930041e-05,18.077957603001316,26.713179991284658,4
hbmj_adjacent,0.1,var_ECB,2.5e-05,3.1138136936980756e-05,3.0670503014720266e-05,3.173396754873319e-05,24.552547747923033,26.935870194932765,4
hbmj_adjacent,0.1,var_CPI,1.6e-05,1.7098363444317666e-05,1.4751032238814059e-05,2.0770038258280413e-05,11.710876119598744,29.81273911425259,4
hbmj_adjacent,0.1,var_NFP,1.2250000000000001e-05,8.96829794923592e-06,2.7893332514493706e-06,1.2874621512172991e-05,29.338880055923063,77.22993264122964,4
hbmj_adjacent,0.1,var_FOMC_plus_ECB,6.1000000000000005e-05,6.063007219990028e-05,5.811722275187071e-05,6.238361269130066e-05,2.238287534288534,4.72586434119556,4
hbmj_adjacent,0.1,short_var_rate,0.0055249999999999995,0.005535758776697625,0.005478371555679901,0.0056348776261866,0.881730897336194,1.9887353155945773,4
hbmj_spread,0.05,v0,0.0049,0.004895077231868875,0.0048466255812024,0.0049687352627398,0.8876266742688766,1.4027604640775482,4
hbmj_spread,0.05,kappa,2.5,2.5255546632638097,1.868403097923738,3.224048431669269,13.692126996902095,28.961937266770757,4
hbmj_spread,0.05,theta,0.0081,0.00801691478081765,0.0077321566791122,0.0084410193121126,3.13080092887222,4.541275566516043,4
hbmj_spread,0.05,sigma,0.45,0.44821569107327786,0.4276226411553621,0.4732612663563463,2.9810982455322796,5.169170301410286,4
hbmj_spread,0.05,rho,-0.25,-0.25103400151107863,-0.2583269261314365,-0.2421135048826351,1.9908996279044244,3.330770452574594,4
hbmj_spread,0.05,lam,1.0,0.9418741773306065,0.4785117010519236,1.1815293911774665,20.26183268046447,52.14882989480765,4
hbmj_spread,0.05,mu_J,-0.02,-0.022103739889100228,-0.0329678181891754,-0.016475697135666,23.202935799543624,64.83909094587699,4
hbmj_spread,0.05,sigma_J,0.015,0.012691934766062124,0.0001188752297076,0.0173467634128741,34.21664767472217,99.20749846861601,4
hbmj_spread,0.05,jump_var_rate,0.000625,0.000645429607403025,0.0005200901414066,0.0007459920779511,11.661525871955996,19.358732472175998,4
hbmj_spread,0.05,jump_c3_rate,-2.15e-05,-2.2489500297449533e-05,-2.803122119709553e-05,-1.7146683080788105e-05,14.726319800258054,30.377773009746637,4
hbmj_spread,0.05,jump_c4_rate,8.518749999999998e-07,9.232811570830114e-07,5.653107790358564e-07,1.2453001480623525e-06,25.201850924734654,46.18343630959387,4
hbmj_spread,0.05,sigma_FOMC,0.006,0.0059948762766833755,0.0059650620090585,0.0060324241778588,0.4436742971612533,0.5822998490250062,4
hbmj_spread,0.05,sigma_ECB,0.005,0.0049796403379616,0.004888890868091,0.0051418052970811,1.8252462115790016,2.8361059416220047,4
hbmj_spread,0.05,sigma_CPI,0.004,0.00380351487489775,0.0036509538270344,0.0040112203508795,5.052382513550001,8.726154324140005,4
hbmj_spread,0.05,sigma_NFP,0.0035,0.00384390549995285,0.003748973496637,0.003984114123955,9.825871427224282,13.831832113000006,4
hbmj_spread,0.05,var_FOMC,3.6e-05,3.5939315026235725e-05,3.5581964771913025e-05,3.639014146161542e-05,0.8867425181490896,1.1612089669082672,4
hbmj_spread,0.05,var_ECB,2.5e-05,2.4806821341221936e-05,2.390125392010357e-05,2.6438161713091262e-05,3.649038061294782,5.752646852365043,4
hbmj_spread,0.05,var_CPI,1.6e-05,1.4491045953649022e-05,1.3329463847137131e-05,1.608988870330986e-05,9.711864987536925,16.69085095539293,4
hbmj_spread,0.05,var_NFP,1.2250000000000001e-05,1.478434276675702e-05,1.4054802278486652e-05,1.587316535269772e-05,20.688512381689957,29.576860022022185,4
hbmj_spread,0.05,var_FOMC_plus_ECB,6.1000000000000005e-05,6.0746136367457654e-05,5.9647389577315415e-05,6.256510491701463e-05,1.699042772212554,2.565745765597749,4
hbmj_spread,0.05,short_var_rate,0.0055249999999999995,0.005540506839271901,0.0054888254041464,0.005602533546408101,0.6271850880597372,1.4033221069339612,4
hbmj_spread,0.1,v0,0.0049,0.0048816914508546996,0.0047926545378582,0.0049993851530777,1.6036708667459156,2.1907237171795853,4
hbmj_spread,0.1,kappa,2.5,2.537448601068223,1.2535695452343518,3.87862988065038,26.619461403580083,55.1451952260152,4
hbmj_spread,0.1,theta,0.0081,0.0080684673777999,0.0074832810235464,0.0092017733062926,7.190361424029633,13.602139583859273,4
hbmj_spread,0.1,sigma,0.45,0.4451242308461374,0.4050045365061975,0.4917739608952926,5.725055467001965,9.99899188751167,4
hbmj_spread,0.1,rho,-0.25,-0.25152810853976515,-0.2643855882021551,-0.2336002153831552,3.8912003392750165,6.559913846737919,4
hbmj_spread,0.1,lam,1.0,0.9761983924966416,0.4445386383249577,1.3068379668168082,25.392907333416282,55.54613616750424,4
hbmj_spread,0.1,mu_J,-0.02,-0.021513315814997498,-0.0326290207175523,-0.0144252409299256,26.884929797196744,63.14510358776148,4
hbmj_spread,0.1,sigma_J,0.015,0.01368837228587582,1.150804082858198e-05,0.0192421651616088,41.21745510307687,99.92327972780946,4
hbmj_spread,0.1,jump_var_rate,0.000625,0.000681883378985525,0.0004732794506632,0.0008717794388486,21.238984584628,39.48471021577599,4
hbmj_spread,0.1,jump_c3_rate,-2.15e-05,-2.4224199654664113e-05,-3.513964013023936e-05,-1.544264884278613e-05,26.757559224516502,63.44018665227609,4
hbmj_spread,0.1,jump_c4_rate,8.518749999999998e-07,1.0699093364758302e-06,5.038786970614524e-07,1.711616580352017e-06,46.01995456435558,100.92344303471958,4
hbmj_spread,0.1,sigma_FOMC,0.006,0.005989053196759975,0.0059285511904905,0.0060670323893722,0.8937448574745838,1.1908134918250037,4
hbmj_spread,0.1,sigma_ECB,0.005,0.004952546923326375,0.0047648871613237,0.0052753718705369,3.7027802388415063,5.507437410738007,4
hbmj_spread,0.1,sigma_CPI,0.004,0.003574262135176925,0.003256679250318,0.0039889877765254,10.643446620576878,18.58301874205,4
hbmj_spread,0.1,sigma_NFP,0.0035,0.004133537169785025,0.003954387450403,0.0044071686444758,18.101061993857858,25.919104127880004,4
hbmj_spread,0.1,var_FOMC,3.6e-05,3.5871954020746865e-05,3.5147719218266324e-05,3.680888201369135e-05,1.7849866156205763,2.3674466159268803,4
hbmj_spread,0.1,var_ECB,2.5e-05,2.4567989696224646e-05,2.2704149660147425e-05,2.7829548372451994e-05,7.387137960005401,11.318193489807971,4
hbmj_spread,0.1,var_CPI,1.6e-05,1.287628258858605e-05,1.060595973945181e-05,1.5912023481269053e-05,19.523233821337186,33.71275162842618,4
hbmj_spread,0.1,var_NFP,1.2250000000000001e-05,1.711640822186664e-05,1.563718010790474e-05,1.9423135460850663e-05,39.72578140299295,58.55620784367887,4
hbmj_spread,0.1,var_FOMC_plus_ECB,6.1000000000000005e-05,6.043994371697151e-05,5.824423021166397e-05,6.40497647635012e-05,3.4179322373427654,4.99961436639539,4
hbmj_spread,0.1,short_var_rate,0.0055249999999999995,0.005563574829840225,0.0054726646037409005,0.0056853480577587,1.1888956577099499,2.902227289750242,4
heston_feller_violating,0.05,v0,0.01,0.00998333579075895,0.0099789259985812,0.0099902829323935,0.16664209241049835,0.2107400141880024,4
heston_feller_violating,0.05,kappa,1.0,0.9843138067903987,0.9390502600466518,1.0108418704924285,2.342938885915258,6.0949739953348185,4
heston_feller_violating,0.05,theta,0.0064,0.0064656628315292244,0.0061330458316128,0.0066691269134571,3.111561183169139,4.205108022767181,4
heston_feller_violating,0.05,sigma,0.9,0.8988358179903752,0.8833875214715787,0.9083671754331428,0.8982092936058204,1.8458309476023658,4
heston_feller_violating,0.05,rho,0.3,0.29843448246941645,0.2934734510681384,0.300453783206586,0.6661872999913684,2.1755163106205364,4
heston_feller_violating,0.1,v0,0.01,0.009968009418995125,0.0099599739284242,0.0099804570754638,0.31990581004874824,0.40026071575799405,4
heston_feller_violating,0.1,kappa,1.0,0.9682095035866538,0.8785642836495198,1.0207448206979517,4.7858825824508315,12.143571635048023,4
heston_feller_violating,0.1,theta,0.0064,0.006529596621614849,0.0058453799502287,0.0069383844238011,6.3579163515703065,8.665938277676569,4
heston_feller_violating,0.1,sigma,0.9,0.8980627448890729,0.8674722023297333,0.9168761413044152,1.798525750522775,3.6141997411407445,4
heston_feller_violating,0.1,rho,0.3,0.2968426237890067,0.2869800955094597,0.3008408123516919,1.3185211844408269,4.339968163513434,4
heston_fx_typical,0.05,v0,0.0049,0.0048951827342526245,0.004870281383053,0.0049275985561014,0.4078668959943874,0.6065023866734733,4
heston_fx_typical,0.05,kappa,2.5,2.426020665779111,2.322051831546128,2.532772265007011,3.614618668975788,7.117926738154878,4
heston_fx_typical,0.05,theta,0.0081,0.0081902588834849,0.0081509710681379,0.0082403352444734,1.1143072035172894,1.732533882387654,4
heston_fx_typical,0.05,sigma,0.45,0.4465336606526065,0.437575898305832,0.4512777341994156,1.0521493471987504,2.7609114875928937,4
heston_fx_typical,0.05,rho,-0.25,-0.25162311379376895,-0.2579910026824333,-0.2487210021563543,0.9947875918796201,3.1964010729733205,4
heston_fx_typical,0.1,v0,0.0049,0.004891376253352075,0.004842288620492,0.0049557691644135,0.8063168470433663,1.177783255265304,4
heston_fx_typical,0.1,kappa,2.5,2.3557630326094774,2.149700323073522,2.5798087576539683,7.3656538487002665,14.011987077059127,4
heston_fx_typical,0.1,theta,0.0081,0.008286783349440826,0.0082143387294126,0.0083864173818158,2.305967277047223,3.536017059454322,4
heston_fx_typical,0.1,sigma,0.45,0.44366510172861384,0.4261151142626588,0.4536877568535075,2.1265192989651545,5.307752386075825,4
heston_fx_typical,0.1,rho,-0.25,-0.25303212415724724,-0.2657121443488284,-0.2472532093578102,1.984076668517809,6.284857739531358,4
