case,noise_volpts,quantity,starts_near_best,starts,worst_range_rel_pct
bates_negative_mean,0.05,jump_c3_rate,4.0,4.0,0.01605500358193726
bates_negative_mean,0.05,jump_c4_rate,4.0,4.0,0.035890370618349036
bates_negative_mean,0.05,jump_var_rate,4.0,4.0,0.009359878869998922
bates_negative_mean,0.05,kappa,4.0,4.0,0.020659609129593113
bates_negative_mean,0.05,lam,4.0,4.0,0.06778861102138765
bates_negative_mean,0.05,mu_J,4.0,4.0,0.04859465214384177
bates_negative_mean,0.05,rho,4.0,4.0,0.0048992288536310056
bates_negative_mean,0.05,short_var_rate,4.0,4.0,0.0010125347654973518
bates_negative_mean,0.05,sigma,4.0,4.0,0.0049300190170461855
bates_negative_mean,0.05,sigma_J,4.0,4.0,0.16946968840266138
bates_negative_mean,0.05,theta,4.0,4.0,0.007700236765033435
bates_negative_mean,0.05,v0,4.0,4.0,0.0027514426756476786
bates_negative_mean,0.1,jump_c3_rate,4.0,4.0,11.210174933362792
bates_negative_mean,0.1,jump_c4_rate,4.0,4.0,29.370255779255807
bates_negative_mean,0.1,jump_var_rate,4.0,4.0,10.673996403479766
bates_negative_mean,0.1,kappa,4.0,4.0,7.835780159529219
bates_negative_mean,0.1,lam,4.0,4.0,71.09952705491435
bates_negative_mean,0.1,mu_J,4.0,4.0,59.661376410852725
bates_negative_mean,0.1,rho,4.0,4.0,1.471406989315174
bates_negative_mean,0.1,short_var_rate,4.0,4.0,1.0274018032903278
bates_negative_mean,0.1,sigma,4.0,4.0,2.4769266095597433
bates_negative_mean,0.1,sigma_J,4.0,4.0,123.1522866806284
bates_negative_mean,0.1,theta,4.0,4.0,2.1124469576675526
bates_negative_mean,0.1,v0,4.0,4.0,3.379586981969393
bates_strong,0.05,jump_c3_rate,4.0,4.0,2.1191748177737626
bates_strong,0.05,jump_c4_rate,4.0,4.0,0.0842030186948577
bates_strong,0.05,jump_var_rate,4.0,4.0,0.03037745305029053
bates_strong,0.05,kappa,4.0,4.0,0.012585461503118987
bates_strong,0.05,lam,4.0,4.0,0.13593591768604904
bates_strong,0.05,mu_J,4.0,4.0,2.1300885106112832
bates_strong,0.05,rho,4.0,4.0,0.002446041415441746
bates_strong,0.05,short_var_rate,4.0,4.0,0.000975938817314385
bates_strong,0.05,sigma,4.0,4.0,0.011090042403324096
bates_strong,0.05,sigma_J,4.0,4.0,0.055025811741851276
bates_strong,0.05,theta,4.0,4.0,0.004577634196988138
bates_strong,0.05,v0,4.0,4.0,0.0062268432008432805
bates_strong,0.1,jump_c3_rate,4.0,4.0,24.489720379647842
bates_strong,0.1,jump_c4_rate,4.0,4.0,0.4145249692907785
bates_strong,0.1,jump_var_rate,4.0,4.0,0.06589421810791453
bates_strong,0.1,kappa,4.0,4.0,0.04895280090046975
bates_strong,0.1,lam,4.0,4.0,0.5343449545259097
bates_strong,0.1,mu_J,4.0,4.0,24.435662752032123
bates_strong,0.1,rho,4.0,4.0,0.0034496565791111576
bates_strong,0.1,short_var_rate,4.0,4.0,0.003935648294246577
bates_strong,0.1,sigma,4.0,4.0,0.032765710779037095
bates_strong,0.1,sigma_J,4.0,4.0,0.23389317659080072
bates_strong,0.1,theta,4.0,4.0,0.008859566288799858
bates_strong,0.1,v0,4.0,4.0,0.011114868003841925
hbmj_adjacent,0.05,jump_c3_rate,2.0,2.0,0.06294380725681196
hbmj_adjacent,0.05,jump_c4_rate,2.0,2.0,0.14738407025914377
hbmj_adjacent,0.05,jump_var_rate,2.0,2.0,0.033101341728689046
hbmj_adjacent,0.05,kappa,2.0,2.0,0.042493484749800324
hbmj_adjacent,0.05,lam,2.0,2.0,0.2169548125963372
hbmj_adjacent,0.05,mu_J,2.0,2.0,0.16805519899323412
hbmj_adjacent,0.05,rho,2.0,2.0,0.010465204850656398
hbmj_adjacent,0.05,short_var_rate,2.0,2.0,0.003261354759342926
hbmj_adjacent,0.05,sigma,2.0,2.0,0.016351097859836426
hbmj_adjacent,0.05,sigma_CPI,2.0,2.0,0.008482686901370468
hbmj_adjacent,0.05,sigma_ECB,2.0,2.0,2.8990182737360968
hbmj_adjacent,0.05,sigma_FOMC,2.0,2.0,2.8289812459149517
hbmj_adjacent,0.05,sigma_J,2.0,2.0,0.325092295054513
hbmj_adjacent,0.05,sigma_NFP,2.0,2.0,0.015790828699349557
hbmj_adjacent,0.05,theta,2.0,2.0,0.004993626548744321
hbmj_adjacent,0.05,v0,2.0,2.0,0.0027421239956160423
hbmj_adjacent,0.05,var_CPI,2.0,2.0,0.01696537377222754
hbmj_adjacent,0.05,var_ECB,2.0,2.0,5.796818591402594
hbmj_adjacent,0.05,var_FOMC,2.0,2.0,5.656830682354928
hbmj_adjacent,0.05,var_FOMC_plus_ECB,2.0,2.0,0.0024676811632400758
hbmj_adjacent,0.05,var_NFP,2.0,2.0,0.031581657201815196
hbmj_adjacent,0.1,jump_c3_rate,1.75,2.0,0.45960604466375016
hbmj_adjacent,0.1,jump_c4_rate,1.75,2.0,1.142399180420975
hbmj_adjacent,0.1,jump_var_rate,1.75,2.0,0.2739293855942875
hbmj_adjacent,0.1,kappa,1.75,2.0,0.04376440646400573
hbmj_adjacent,0.1,lam,1.75,2.0,1.4470653290448097
hbmj_adjacent,0.1,mu_J,1.75,2.0,0.848588592924203
hbmj_adjacent,0.1,rho,1.75,2.0,0.03923368328331229
hbmj_adjacent,0.1,short_var_rate,1.75,2.0,0.009065453488729374
hbmj_adjacent,0.1,sigma,1.75,2.0,0.03359631730000721
hbmj_adjacent,0.1,sigma_CPI,1.75,2.0,0.02093221406277395
hbmj_adjacent,0.1,sigma_ECB,1.75,2.0,1.1049257368468228
hbmj_adjacent,0.1,sigma_FOMC,1.75,2.0,1.1191913421767243
hbmj_adjacent,0.1,sigma_J,1.75,2.0,64.70724298737024
hbmj_adjacent,0.1,sigma_NFP,1.75,2.0,0.06387126046294114
hbmj_adjacent,0.1,theta,1.75,2.0,0.029634962472584195
hbmj_adjacent,0.1,v0,1.75,2.0,0.01896848580575672
hbmj_adjacent,0.1,var_CPI,1.75,2.0,0.041864427666976796
hbmj_adjacent,0.1,var_ECB,1.75,2.0,2.209784027721612
hbmj_adjacent,0.1,var_FOMC,1.75,2.0,2.238312592195582
hbmj_adjacent,0.1,var_FOMC_plus_ECB,1.75,2.0,0.005707960075426852
hbmj_adjacent,0.1,var_NFP,1.75,2.0,0.12774250789762723
hbmj_spread,0.05,jump_c3_rate,2.0,2.0,0.20101978822289007
hbmj_spread,0.05,jump_c4_rate,2.0,2.0,0.4586640713953653
hbmj_spread,0.05,jump_var_rate,2.0,2.0,0.11385428700937882
hbmj_spread,0.05,kappa,2.0,2.0,0.04871881647471361
hbmj_spread,0.05,lam,2.0,2.0,0.45453434058527353
hbmj_spread,0.05,mu_J,2.0,2.0,0.25647597947865264
hbmj_spread,0.05,rho,2.0,2.0,0.015998495228463062
hbmj_spread,0.05,short_var_rate,2.0,2.0,0.004294812218501665
hbmj_spread,0.05,sigma,2.0,2.0,0.018590283773224386
hbmj_spread,0.05,sigma_CPI,2.0,2.0,0.009013542134486945
hbmj_spread,0.05,sigma_ECB,2.0,2.0,0.0023316501105347326
hbmj_spread,0.05,sigma_FOMC,2.0,2.0,0.000594311124475368
hbmj_spread,0.05,sigma_J,2.0,2.0,168.07549750809355
hbmj_spread,0.05,sigma_NFP,2.0,2.0,0.015127786530176943
hbmj_spread,0.05,theta,2.0,2.0,0.0036097308409491946
hbmj_spread,0.05,v0,2.0,2.0,0.007180000287549058
hbmj_spread,0.05,var_CPI,2.0,2.0,0.018027084232363606
hbmj_spread,0.05,var_ECB,2.0,2.0,0.004663300220435566
hbmj_spread,0.05,var_FOMC,2.0,2.0,0.001188622248940561
hbmj_spread,0.05,var_FOMC_plus_ECB,2.0,2.0,0.0011312081994142174
hbmj_spread,0.05,var_NFP,2.0,2.0,0.030255572887253997
hbmj_spread,0.1,jump_c3_rate,2.0,2.0,0.06299176806429439
hbmj_spread,0.1,jump_c4_rate,2.0,2.0,0.10891946766707201
hbmj_spread,0.1,jump_var_rate,2.0,2.0,0.01572922498791681
hbmj_spread,0.1,kappa,2.0,2.0,0.07034511750363791
hbmj_spread,0.1,lam,2.0,2.0,0.10894664157701646
hbmj_spread,0.1,mu_J,2.0,2.0,0.07119596357311324
hbmj_spread,0.1,rho,2.0,2.0,0.008823468509643804
hbmj_spread,0.1,short_var_rate,2.0,2.0,0.0020977457573641265
hbmj_spread,0.1,sigma,2.0,2.0,0.011620823064433718
hbmj_spread,0.1,sigma_CPI,2.0,2.0,0.004178445338312278
hbmj_spread,0.1,sigma_ECB,2.0,2.0,0.00273704348082223
hbmj_spread,0.1,sigma_FOMC,2.0,2.0,0.0004971275543519071
hbmj_spread,0.1,sigma_J,2.0,2.0,156.8541523839642
hbmj_spread,0.1,sigma_NFP,2.0,2.0,0.010237901438220998
hbmj_spread,0.1,theta,2.0,2.0,0.025568879170242084
hbmj_spread,0.1,v0,2.0,2.0,0.0020086920588339896
hbmj_spread,0.1,var_CPI,2.0,2.0,0.008356890672968445
hbmj_spread,0.1,var_ECB,2.0,2.0,0.005474086960612889
hbmj_spread,0.1,var_FOMC,2.0,2.0,0.0009942551086976302
hbmj_spread,0.1,var_FOMC_plus_ECB,2.0,2.0,0.002210361569956039
hbmj_spread,0.1,var_NFP,2.0,2.0,0.020475802822787305
heston_feller_violating,0.05,kappa,5.75,6.0,0.003872679933634746
heston_feller_violating,0.05,rho,5.75,6.0,0.00011316711899565533
heston_feller_violating,0.05,sigma,5.75,6.0,0.0003668135707583159
heston_feller_violating,0.05,theta,5.75,6.0,0.000763935582879857
heston_feller_violating,0.05,v0,5.75,6.0,0.00011762546943835025
heston_feller_violating,0.1,kappa,5.5,6.0,0.0077863936691555035
heston_feller_violating,0.1,rho,5.5,6.0,0.00029491372494429925
heston_feller_violating,0.1,sigma,5.5,6.0,0.0007206673003853601
heston_feller_violating,0.1,theta,5.5,6.0,0.0008267820978829435
heston_feller_violating,0.1,v0,5.5,6.0,0.00023451097547063304
heston_fx_typical,0.05,kappa,6.0,6.0,0.0039456524530860305
heston_fx_typical,0.05,rho,6.0,6.0,0.00021855134511164083
heston_fx_typical,0.05,sigma,6.0,6.0,0.00116449499393903
heston_fx_typical,0.05,theta,6.0,6.0,0.00107844170283598
heston_fx_typical,0.05,v0,6.0,6.0,1.8989276911133828e-05
heston_fx_typical,0.1,kappa,6.0,6.0,0.008895055347124248
heston_fx_typical,0.1,rho,6.0,6.0,0.0004663814627493618
heston_fx_typical,0.1,sigma,6.0,6.0,0.002805910679925476
heston_fx_typical,0.1,theta,6.0,6.0,0.0023569602093027222
heston_fx_typical,0.1,v0,6.0,6.0,3.424168869794069e-05
heston_stage_bates_negative_mean,0.05,kappa,3.0,3.0,0.01822510607399863
heston_stage_bates_negative_mean,0.05,rho,3.0,3.0,0.0009179733791563648
heston_stage_bates_negative_mean,0.05,sigma,3.0,3.0,0.007596376021485904
heston_stage_bates_negative_mean,0.05,theta,3.0,3.0,0.001464465946702996
heston_stage_bates_negative_mean,0.05,v0,3.0,3.0,0.0007385122073525837
heston_stage_bates_negative_mean,0.1,kappa,3.0,3.0,0.01053795808748954
heston_stage_bates_negative_mean,0.1,rho,3.0,3.0,0.0006276031998497846
heston_stage_bates_negative_mean,0.1,sigma,3.0,3.0,0.005210225149546796
heston_stage_bates_negative_mean,0.1,theta,3.0,3.0,0.0008932705506464999
heston_stage_bates_negative_mean,0.1,v0,3.0,3.0,0.00021197794062040572
heston_stage_bates_strong,0.05,kappa,3.0,3.0,0.022781320838730124
heston_stage_bates_strong,0.05,rho,3.0,3.0,0.0021231773780253705
heston_stage_bates_strong,0.05,sigma,3.0,3.0,0.006740751838866774
heston_stage_bates_strong,0.05,theta,3.0,3.0,0.004288273681896393
heston_stage_bates_strong,0.05,v0,3.0,3.0,0.00011183583741817521
heston_stage_bates_strong,0.1,kappa,3.0,3.0,0.022446936365888057
heston_stage_bates_strong,0.1,rho,3.0,3.0,0.002895354162412712
heston_stage_bates_strong,0.1,sigma,3.0,3.0,0.010318862675301096
heston_stage_bates_strong,0.1,theta,3.0,3.0,0.004159234377685726
heston_stage_bates_strong,0.1,v0,3.0,3.0,0.0001400114049353938
