data_origin,valuation_ts,valuation_tz,pair,spot,tenor,spot_date,expiry_date,expiry_cut,delivery_date,fwd_points,fwd_points_scale,usd_depo_rate,eur_df,eur_df_start,vol_units,atm,rr25,bf25,rr10,bf10,atm_bid,atm_ask,rr25_bid,rr25_ask,bf25_bid,bf25_ask,rr10_bid,rr10_ask,bf10_bid,bf10_ask,delta_type,atm_type,bf_type,premium_currency,rr_sign,bbg_pricing_source,export_ts
synthetic,2026-10-26 16:00,America/New_York,EURUSD,1.16,ON,2026-10-28,2026-10-27,NY10,2026-10-29,0.54,10000,3.8,0.9999416701,spot,pct,6.1,-0.1,0.1,-0.19,0.34,5.8,6.4,-0.2,0.0,0.025,0.175,-0.39,0.01,0.19,0.49,spot,dns,market,USD,call_minus_put,SYNTHETIC,n/a
synthetic,2026-10-26 16:00,America/New_York,EURUSD,1.16,1W,2026-10-28,2026-11-02,NY10,2026-11-04,3.78,10000,3.8,0.9995918333,spot,pct,7.6,-0.25,0.14,-0.48,0.48,7.4,7.8,-0.35,-0.15,0.065,0.215,-0.68,-0.28,0.33,0.63,spot,dns,market,USD,call_minus_put,SYNTHETIC,n/a
synthetic,2026-10-26 16:00,America/New_York,EURUSD,1.16,2W,2026-10-28,2026-11-09,NY10,2026-11-12,8.09,10000,3.8,0.999125765,spot,pct,7.35,-0.28,0.15,-0.53,0.51,7.175,7.525,-0.38,-0.18,0.075,0.225,-0.73,-0.33,0.36,0.66,spot,dns,market,USD,call_minus_put,SYNTHETIC,n/a
synthetic,2026-10-26 16:00,America/New_York,EURUSD,1.16,3W,2026-10-28,2026-11-16,NY10,2026-11-18,11.32,10000,3.8,0.9987764988,spot,pct,7.2,-0.3,0.16,-0.57,0.54,7.05,7.35,-0.39,-0.21,0.1,0.22,-0.75,-0.39,0.42,0.66,spot,dns,market,USD,call_minus_put,SYNTHETIC,n/a
synthetic,2026-10-26 16:00,America/New_York,EURUSD,1.16,1M,2026-10-28,2026-11-27,NY10,2026-11-30,17.77,10000,3.8,0.9980786985,spot,pct,7.0,-0.32,0.17,-0.61,0.58,6.875,7.125,-0.41,-0.23,0.11,0.23,-0.79,-0.43,0.46,0.7,spot,dns,market,USD,call_minus_put,SYNTHETIC,n/a
synthetic,2026-10-26 16:00,America/New_York,EURUSD,1.16,2M,2026-10-28,2026-12-23,NY10,2026-12-28,32.79,10000,3.8,0.9964542835,spot,pct,6.95,-0.38,0.19,-0.72,0.65,6.825,7.075,-0.455,-0.305,0.14,0.24,-0.87,-0.57,0.55,0.75,spot,dns,market,USD,call_minus_put,SYNTHETIC,n/a
synthetic,2026-10-26 16:00,America/New_York,EURUSD,1.16,3M,2026-10-28,2027-01-26,NY10,2027-01-28,49.37,10000,3.8,0.9946619807,spot,pct,6.95,-0.42,0.21,-0.8,0.71,6.85,7.05,-0.495,-0.345,0.16,0.26,-0.95,-0.65,0.61,0.81,spot,dns,market,USD,call_minus_put,SYNTHETIC,n/a
synthetic,2026-10-26 16:00,America/New_York,EURUSD,1.16,6M,2026-10-28,2027-04-26,NY10,2027-04-28,97.15,10000,3.8,0.9894948629,spot,pct,7.05,-0.5,0.24,-0.95,0.82,6.95,7.15,-0.575,-0.425,0.19,0.29,-1.1,-0.8,0.72,0.92,spot,dns,market,USD,call_minus_put,SYNTHETIC,n/a
synthetic,2026-10-26 16:00,America/New_York,EURUSD,1.16,1Y,2026-10-28,2027-10-26,NY10,2027-10-28,192.77,10000,3.8,0.9791522174,spot,pct,7.2,-0.55,0.27,-1.05,0.92,7.1,7.3,-0.625,-0.475,0.22,0.32,-1.2,-0.9,0.82,1.02,spot,dns,market,USD,call_minus_put,SYNTHETIC,n/a
