contractSymbol,lastTradeDate,strike,lastPrice,bid,ask,change,percentChange,volume,openInterest,impliedVolatility,inTheMoney,contractSize,currency,expiration,cp
FXE261016C00102000,2026-09-18 16:22:44+00:00,102.0,4.05,2.2,3.4,0.0,0.0,10.0,60,0.18824053955078124,True,REGULAR,USD,2026-10-16,C
FXE261016C00103000,2026-09-11 16:46:55+00:00,103.0,4.21,1.35,2.25,0.0,0.0,,10,0.13208875732421876,True,REGULAR,USD,2026-10-16,C
FXE261016C00104000,2026-09-15 17:45:18+00:00,104.0,2.75,0.7,1.4,0.0,0.0,,1,0.10938390625,True,REGULAR,USD,2026-10-16,C
FXE261016C00105000,2026-09-29 18:38:57+00:00,105.0,0.39,0.25,0.45,-0.18,-31.578947,20.0,83,0.06324178955078125,False,REGULAR,USD,2026-10-16,C
FXE261016C00106000,2026-09-29 18:00:02+00:00,106.0,0.1,0.05,0.2,-0.1,-50.0,15.0,69,0.07007765869140625,False,REGULAR,USD,2026-10-16,C
FXE261016C00107000,2026-09-25 18:29:59+00:00,107.0,0.1,0.0,0.75,0.0,0.0,1.0,123,0.17603363037109376,False,REGULAR,USD,2026-10-16,C
FXE261016C00108000,2026-09-28 13:32:06+00:00,108.0,0.09,0.0,0.2,0.0,0.0,3.0,26,0.125985302734375,False,REGULAR,USD,2026-10-16,C
FXE261016C00109000,2026-09-29 18:38:57+00:00,109.0,0.05,0.0,0.1,-0.06,-54.545456,15.0,20,0.125985302734375,False,REGULAR,USD,2026-10-16,C
FXE261016C00111000,2026-09-24 13:30:00+00:00,111.0,0.05,0.0,0.75,0.0,0.0,1.0,61,0.299811689453125,False,REGULAR,USD,2026-10-16,C
FXE261016P00096000,2026-09-18 15:30:49+00:00,96.0,0.07,0.0,0.75,0.0,0.0,30.0,75,0.39551385742187506,False,REGULAR,USD,2026-10-16,P
FXE261016P00100000,2026-09-24 15:32:14+00:00,100.0,0.1,0.0,0.75,0.0,0.0,,10,0.2651440673828125,False,REGULAR,USD,2026-10-16,P
FXE261016P00104000,2026-09-29 15:33:40+00:00,104.0,0.28,0.2,0.5,-0.13,-31.707317,29.0,40,0.08667905517578126,False,REGULAR,USD,2026-10-16,P
FXE261016P00105000,2026-09-29 18:47:50+00:00,105.0,0.7,0.65,0.8,0.14999998,27.272724,10.0,3919,0.06885696777343751,True,REGULAR,USD,2026-10-16,P
FXE261016P00106000,2026-09-29 16:45:42+00:00,106.0,1.55,1.35,1.75,0.19999993,14.814809,3.0,1057,0.10328045166015623,True,REGULAR,USD,2026-10-16,P
FXE261016P00107000,2026-09-24 13:47:26+00:00,107.0,2.16,2.0,2.85,0.0,0.0,5.0,158,0.1506432592773438,True,REGULAR,USD,2026-10-16,P
FXE261016P00108000,2026-09-21 15:56:33+00:00,108.0,2.26,2.8,3.9,0.0,0.0,1.0,3,0.18946123046875002,True,REGULAR,USD,2026-10-16,P
FXE261120C00106000,2026-09-25 15:55:48+00:00,106.0,0.6,0.35,0.65,0.0,0.0,1.0,21,0.07422800781250001,False,REGULAR,USD,2026-11-20,C
FXE261120C00114000,2026-09-18 19:29:05+00:00,114.0,0.16,0.0,0.75,0.0,0.0,2.0,2,0.22095505615234373,False,REGULAR,USD,2026-11-20,C
FXE261120P00103000,2026-09-29 16:30:50+00:00,103.0,0.43,0.25,0.5,-0.01999998,-4.4444404,4.0,3,0.073251455078125,False,REGULAR,USD,2026-11-20,P
FXE261120P00104000,2026-09-29 16:30:50+00:00,104.0,0.58,0.35,0.95,0.33999997,141.66664,2.0,1,0.08008732421875,False,REGULAR,USD,2026-11-20,P
FXE261120P00105000,2026-09-25 16:12:30+00:00,105.0,0.95,0.85,1.25,0.0,0.0,3.0,23,0.06861282958984377,True,REGULAR,USD,2026-11-20,P
FXE261120P00106000,2026-09-29 16:22:00+00:00,106.0,1.6,1.55,1.85,0.0,0.0,20.0,61,0.06739213867187502,True,REGULAR,USD,2026-11-20,P
FXE261120P00107000,2026-09-21 13:32:08+00:00,107.0,1.48,2.2,2.95,0.0,0.0,,3,0.09534596069335938,True,REGULAR,USD,2026-11-20,P
FXE261218C00095000,2026-09-18 13:38:45+00:00,95.0,11.7,9.3,10.8,0.0,0.0,1.0,11,0.23072058349609376,True,REGULAR,USD,2026-12-18,C
FXE261218C00096000,2026-05-01 15:44:36+00:00,96.0,13.3,10.2,12.6,0.0,0.0,2.0,13,0.3961242028808594,True,REGULAR,USD,2026-12-18,C
FXE261218C00097000,2026-08-17 18:44:36+00:00,97.0,10.2,0.0,0.0,0.0,0.0,12.0,0,1.0000000000000003e-05,True,REGULAR,USD,2026-12-18,C
FXE261218C00098000,2026-08-17 17:52:29+00:00,98.0,9.35,0.0,0.0,0.0,0.0,12.0,0,1.0000000000000003e-05,True,REGULAR,USD,2026-12-18,C
FXE261218C00099000,2026-08-17 19:31:47+00:00,99.0,8.3,0.0,0.0,0.0,0.0,10.0,0,1.0000000000000003e-05,True,REGULAR,USD,2026-12-18,C
FXE261218C00100000,2026-08-19 15:11:45+00:00,100.0,8.03,0.0,0.0,0.0,0.0,2.0,0,1.0000000000000003e-05,True,REGULAR,USD,2026-12-18,C
FXE261218C00101000,2026-08-17 17:54:41+00:00,101.0,6.4,0.0,0.0,0.0,0.0,28.0,0,1.0000000000000003e-05,True,REGULAR,USD,2026-12-18,C
FXE261218C00102000,2026-08-17 18:20:12+00:00,102.0,5.45,0.0,0.0,0.0,0.0,12.0,0,1.0000000000000003e-05,True,REGULAR,USD,2026-12-18,C
FXE261218C00103000,2026-08-17 18:30:59+00:00,103.0,4.6,0.0,0.0,0.0,0.0,,0,1.0000000000000003e-05,True,REGULAR,USD,2026-12-18,C
FXE261218C00104000,2026-09-28 19:23:52+00:00,104.0,2.0,1.35,1.95,0.0,0.0,1.0,1,0.08027042785644532,True,REGULAR,USD,2026-12-18,C
FXE261218C00105000,2026-09-24 15:47:21+00:00,105.0,1.5,0.9,1.3,0.0,0.0,1.0,64,0.073251455078125,False,REGULAR,USD,2026-12-18,C
FXE261218C00106000,2026-08-21 14:03:32+00:00,106.0,2.85,0.0,0.0,0.0,0.0,2.0,0,0.007822421875,False,REGULAR,USD,2026-12-18,C
FXE261218C00107000,2026-09-28 19:23:00+00:00,107.0,0.58,0.4,0.5,0.0,0.0,3.0,280,0.06775834594726565,False,REGULAR,USD,2026-12-18,C
FXE261218C00108000,2026-09-23 17:20:52+00:00,108.0,0.3,0.2,0.35,0.0,0.0,10.0,252,0.0717866259765625,False,REGULAR,USD,2026-12-18,C
FXE261218C00109000,2026-09-09 19:15:43+00:00,109.0,0.78,0.0,0.7,0.0,0.0,1.0,33,0.11048252807617187,False,REGULAR,USD,2026-12-18,C
FXE261218C00110000,2026-09-21 19:30:15+00:00,110.0,0.6,0.05,0.7,0.0,0.0,3.0,395,0.12427633544921876,False,REGULAR,USD,2026-12-18,C
FXE261218C00111000,2026-08-31 17:17:56+00:00,111.0,0.3,0.0,0.75,0.0,0.0,1.0,218,0.1412439392089844,False,REGULAR,USD,2026-12-18,C
FXE261218C00112000,2026-09-28 17:15:51+00:00,112.0,0.1,0.0,0.2,0.0,0.0,12.0,141,0.10328045166015623,False,REGULAR,USD,2026-12-18,C
FXE261218C00113000,2026-07-23 13:30:01+00:00,113.0,0.15,0.0,1.75,0.0,0.0,1.0,5,0.2348709326171875,False,REGULAR,USD,2026-12-18,C
FXE261218C00114000,2026-07-22 18:00:15+00:00,114.0,0.1,0.0,1.75,0.0,0.0,1.0,2,0.24890887817382812,False,REGULAR,USD,2026-12-18,C
FXE261218C00115000,2026-09-10 14:57:29+00:00,115.0,0.2,0.0,0.75,0.0,0.0,,4,0.19043778320312502,False,REGULAR,USD,2026-12-18,C
FXE261218C00117000,2026-06-03 16:50:56+00:00,117.0,0.6,0.0,0.0,0.0,0.0,,0,0.062509375,False,REGULAR,USD,2026-12-18,C
FXE261218C00119000,2026-05-07 13:52:24+00:00,119.0,0.25,0.0,0.75,0.0,0.0,,2,0.23438265625,False,REGULAR,USD,2026-12-18,C
FXE261218C00120000,2026-09-18 18:13:45+00:00,120.0,0.05,0.0,0.75,0.0,0.0,1.0,23,0.24463645996093752,False,REGULAR,USD,2026-12-18,C
FXE261218C00125000,2026-05-19 13:30:02+00:00,125.0,0.1,0.0,0.0,0.0,0.0,10.0,0,0.062509375,False,REGULAR,USD,2026-12-18,C
FXE261218C00135000,2026-06-30 17:27:49+00:00,135.0,0.05,0.0,1.75,0.0,0.0,1.0,4,0.47986359985351557,False,REGULAR,USD,2026-12-18,C
FXE261218P00095000,2026-07-16 16:03:17+00:00,95.0,0.25,0.0,0.05,0.0,0.0,2.0,10,0.106454248046875,False,REGULAR,USD,2026-12-18,P
FXE261218P00096000,2026-07-09 13:54:59+00:00,96.0,0.3,0.0,1.75,0.0,0.0,2.0,4,0.26148199462890626,False,REGULAR,USD,2026-12-18,P
FXE261218P00097000,2026-05-11 13:30:01+00:00,97.0,0.3,0.0,0.75,0.0,0.0,,1,0.1713950048828125,False,REGULAR,USD,2026-12-18,P
FXE261218P00098000,2026-07-24 19:54:44+00:00,98.0,0.15,0.0,1.95,0.0,0.0,1.0,3,0.23828886718749998,False,REGULAR,USD,2026-12-18,P
FXE261218P00099000,2026-09-29 13:30:01+00:00,99.0,0.1,0.0,0.55,0.0,0.0,2.0,71,0.12525288818359376,False,REGULAR,USD,2026-12-18,P
FXE261218P00100000,2026-09-18 13:32:00+00:00,100.0,0.17,0.1,0.3,0.120000005,240.00002,2.0,119,0.0893645751953125,False,REGULAR,USD,2026-12-18,P
FXE261218P00101000,2026-09-23 18:42:27+00:00,101.0,0.15,0.0,0.75,0.0,0.0,4.0,14,0.10877356079101563,False,REGULAR,USD,2026-12-18,P
FXE261218P00102000,2026-09-25 15:00:45+00:00,102.0,0.32,0.25,0.75,0.0,0.0,27.0,40,0.09192802612304687,False,REGULAR,USD,2026-12-18,P
FXE261218P00103000,2026-08-14 13:30:09+00:00,103.0,0.3,0.0,0.0,0.0,0.0,1.0,0,0.007822421875,False,REGULAR,USD,2026-12-18,P
FXE261218P00104000,2026-09-28 15:12:56+00:00,104.0,0.75,0.75,0.95,0.0,0.0,20.0,314,0.06482868774414063,False,REGULAR,USD,2026-12-18,P
FXE261218P00105000,2026-09-29 16:57:35+00:00,105.0,1.28,1.25,1.4,0.13,11.304348,30.0,2154,0.06324178955078125,True,REGULAR,USD,2026-12-18,P
FXE261218P00106000,2026-09-29 14:01:19+00:00,106.0,1.63,1.7,2.1,-0.07000005,-4.11765,1.0,399,0.06836869140625002,True,REGULAR,USD,2026-12-18,P
FXE261218P00107000,2026-09-29 18:29:33+00:00,107.0,2.5,2.3,2.7,0.1500001,6.382983,166.0,5549,0.06153282226562501,True,REGULAR,USD,2026-12-18,P
FXE261218P00108000,2026-09-25 15:12:44+00:00,108.0,1.82,3.2,3.9,0.0,0.0,1.0,58,0.08948664428710937,True,REGULAR,USD,2026-12-18,P
FXE261218P00109000,2026-09-23 17:03:47+00:00,109.0,4.0,3.8,4.7,0.0,0.0,1.0,204,0.08899836791992188,True,REGULAR,USD,2026-12-18,P
FXE261218P00110000,2026-08-14 14:50:24+00:00,110.0,3.4,0.0,0.0,0.0,0.0,30.0,0,1.0000000000000003e-05,True,REGULAR,USD,2026-12-18,P
FXE261218P00111000,2026-07-15 14:49:50+00:00,111.0,5.4,2.8,4.0,0.0,0.0,3.0,1,1.0000000000000003e-05,True,REGULAR,USD,2026-12-18,P
FXE261218P00112000,2026-08-12 15:24:06+00:00,112.0,5.8,0.0,0.0,0.0,0.0,,0,1.0000000000000003e-05,True,REGULAR,USD,2026-12-18,P
FXE261218P00115000,2026-07-01 19:25:48+00:00,115.0,9.79,5.2,9.4,0.0,0.0,1.0,2,1.0000000000000003e-05,True,REGULAR,USD,2026-12-18,P
FXE261218P00118000,2026-04-22 13:38:07+00:00,118.0,9.83,9.4,13.6,0.0,0.0,,1,0.1753012158203125,True,REGULAR,USD,2026-12-18,P
FXE261218P00122000,2026-09-17 13:55:33+00:00,122.0,15.94,15.4,19.5,0.0,0.0,,0,0.3800110827636719,True,REGULAR,USD,2026-12-18,P
FXE261218P00125000,2026-06-09 18:58:39+00:00,125.0,18.37,17.2,21.2,0.0,0.0,2.0,0,0.30933307861328124,True,REGULAR,USD,2026-12-18,P
FXE261218P00135000,2026-06-18 18:22:57+00:00,135.0,29.15,27.8,32.1,0.0,0.0,1.0,0,0.48438015625,True,REGULAR,USD,2026-12-18,P
