event_id,event_type,local_date,local_time,local_tz,status,reference_period,original_local_date,source_url,retrieved_utc,notes
FOMC-2025-01-29,FOMC,2025-01-29,14:00,America/New_York,released,,,https://www.federalreserve.gov/monetarypolicy/fomccalendars.htm,2026-09-29T00:00:00Z,
FOMC-2025-03-19,FOMC,2025-03-19,14:00,America/New_York,released,,,https://www.federalreserve.gov/monetarypolicy/fomccalendars.htm,2026-09-29T00:00:00Z,SEP meeting
FOMC-2025-05-07,FOMC,2025-05-07,14:00,America/New_York,released,,,https://www.federalreserve.gov/monetarypolicy/fomccalendars.htm,2026-09-29T00:00:00Z,
FOMC-2025-06-18,FOMC,2025-06-18,14:00,America/New_York,released,,,https://www.federalreserve.gov/monetarypolicy/fomccalendars.htm,2026-09-29T00:00:00Z,SEP meeting
FOMC-2025-07-30,FOMC,2025-07-30,14:00,America/New_York,released,,,https://www.federalreserve.gov/monetarypolicy/fomccalendars.htm,2026-09-29T00:00:00Z,
FOMC-2025-09-17,FOMC,2025-09-17,14:00,America/New_York,released,,,https://www.federalreserve.gov/monetarypolicy/fomccalendars.htm,2026-09-29T00:00:00Z,SEP meeting
FOMC-2025-10-29,FOMC,2025-10-29,14:00,America/New_York,released,,,https://www.federalreserve.gov/monetarypolicy/fomccalendars.htm,2026-09-29T00:00:00Z,
FOMC-2025-12-10,FOMC,2025-12-10,14:00,America/New_York,released,,,https://www.federalreserve.gov/monetarypolicy/fomccalendars.htm,2026-09-29T00:00:00Z,SEP meeting
FOMC-2026-01-28,FOMC,2026-01-28,14:00,America/New_York,released,,,https://www.federalreserve.gov/monetarypolicy/fomccalendars.htm,2026-09-29T00:00:00Z,
FOMC-2026-03-18,FOMC,2026-03-18,14:00,America/New_York,released,,,https://www.federalreserve.gov/monetarypolicy/fomccalendars.htm,2026-09-29T00:00:00Z,SEP meeting
FOMC-2026-04-29,FOMC,2026-04-29,14:00,America/New_York,released,,,https://www.federalreserve.gov/monetarypolicy/fomccalendars.htm,2026-09-29T00:00:00Z,
FOMC-2026-06-17,FOMC,2026-06-17,14:00,America/New_York,released,,,https://www.federalreserve.gov/monetarypolicy/fomccalendars.htm,2026-09-29T00:00:00Z,SEP meeting
FOMC-2026-07-29,FOMC,2026-07-29,14:00,America/New_York,released,,,https://www.federalreserve.gov/monetarypolicy/fomccalendars.htm,2026-09-29T00:00:00Z,
FOMC-2026-09-16,FOMC,2026-09-16,14:00,America/New_York,released,,,https://www.federalreserve.gov/monetarypolicy/fomccalendars.htm,2026-09-29T00:00:00Z,SEP meeting
FOMC-2026-10-28,FOMC,2026-10-28,14:00,America/New_York,scheduled,,,https://www.federalreserve.gov/monetarypolicy/fomccalendars.htm,2026-09-29T00:00:00Z,
FOMC-2026-12-09,FOMC,2026-12-09,14:00,America/New_York,scheduled,,,https://www.federalreserve.gov/monetarypolicy/fomccalendars.htm,2026-09-29T00:00:00Z,SEP meeting
ECB-2025-01-30,ECB,2025-01-30,14:15,Europe/Berlin,released,,,https://www.ecb.europa.eu/press/pr/date/2024/html/ecb.pr240719_1~1ce84f741b.en.html,2026-09-29T00:00:00Z,
ECB-2025-03-06,ECB,2025-03-06,14:15,Europe/Berlin,released,,,https://www.ecb.europa.eu/press/pr/date/2024/html/ecb.pr240719_1~1ce84f741b.en.html,2026-09-29T00:00:00Z,decision press release 14:15 CET/CEST
ECB-2025-04-17,ECB,2025-04-17,14:15,Europe/Berlin,released,,,https://www.ecb.europa.eu/press/pr/date/2024/html/ecb.pr240719_1~1ce84f741b.en.html,2026-09-29T00:00:00Z,
ECB-2025-06-05,ECB,2025-06-05,14:15,Europe/Berlin,released,,,https://www.ecb.europa.eu/press/pr/date/2024/html/ecb.pr240719_1~1ce84f741b.en.html,2026-09-29T00:00:00Z,
ECB-2025-07-24,ECB,2025-07-24,14:15,Europe/Berlin,released,,,https://www.ecb.europa.eu/press/pr/date/2024/html/ecb.pr240719_1~1ce84f741b.en.html,2026-09-29T00:00:00Z,
ECB-2025-09-11,ECB,2025-09-11,14:15,Europe/Berlin,released,,,https://www.ecb.europa.eu/press/pr/date/2024/html/ecb.pr240719_1~1ce84f741b.en.html,2026-09-29T00:00:00Z,
ECB-2025-10-30,ECB,2025-10-30,14:15,Europe/Berlin,released,,,https://www.ecb.europa.eu/press/pr/date/2024/html/ecb.pr240719_1~1ce84f741b.en.html,2026-09-29T00:00:00Z,
ECB-2025-12-18,ECB,2025-12-18,14:15,Europe/Berlin,released,,,https://www.ecb.europa.eu/press/pr/date/2024/html/ecb.pr240719_1~1ce84f741b.en.html,2026-09-29T00:00:00Z,
ECB-2026-02-05,ECB,2026-02-05,14:15,Europe/Berlin,released,,,https://www.ecb.europa.eu/press/pr/date/2025/html/ecb.pr250424~2643533670.en.html,2026-09-29T00:00:00Z,
ECB-2026-03-19,ECB,2026-03-19,14:15,Europe/Berlin,released,,,https://www.ecb.europa.eu/press/pr/date/2025/html/ecb.pr250424~2643533670.en.html,2026-09-29T00:00:00Z,
ECB-2026-04-30,ECB,2026-04-30,14:15,Europe/Berlin,released,,,https://www.ecb.europa.eu/press/pr/date/2025/html/ecb.pr250424~2643533670.en.html,2026-09-29T00:00:00Z,
ECB-2026-06-11,ECB,2026-06-11,14:15,Europe/Berlin,released,,,https://www.ecb.europa.eu/press/pr/date/2025/html/ecb.pr250424~2643533670.en.html,2026-09-29T00:00:00Z,
ECB-2026-07-23,ECB,2026-07-23,14:15,Europe/Berlin,released,,,https://www.ecb.europa.eu/press/pr/date/2025/html/ecb.pr250424~2643533670.en.html,2026-09-29T00:00:00Z,
ECB-2026-09-10,ECB,2026-09-10,14:15,Europe/Berlin,released,,,https://www.ecb.europa.eu/press/pr/date/2025/html/ecb.pr250424~2643533670.en.html,2026-09-29T00:00:00Z,
ECB-2026-10-29,ECB,2026-10-29,14:15,Europe/Berlin,scheduled,,,https://www.ecb.europa.eu/press/calendars/mgcgc/html/index.en.html,2026-09-29T00:00:00Z,
ECB-2026-12-17,ECB,2026-12-17,14:15,Europe/Berlin,scheduled,,,https://www.ecb.europa.eu/press/calendars/mgcgc/html/index.en.html,2026-09-29T00:00:00Z,
CPI-2025-02-12,CPI,2025-02-12,08:30,America/New_York,released,2025-01,,https://www.bls.gov/bls/news-release/cpi.htm,2026-09-29T00:00:00Z,
CPI-2025-03-12,CPI,2025-03-12,08:30,America/New_York,released,2025-02,,https://www.bls.gov/bls/news-release/cpi.htm,2026-09-29T00:00:00Z,
CPI-2025-04-10,CPI,2025-04-10,08:30,America/New_York,released,2025-03,,https://www.bls.gov/bls/news-release/cpi.htm,2026-09-29T00:00:00Z,
CPI-2025-05-13,CPI,2025-05-13,08:30,America/New_York,released,2025-04,,https://www.bls.gov/bls/news-release/cpi.htm,2026-09-29T00:00:00Z,
CPI-2025-06-11,CPI,2025-06-11,08:30,America/New_York,released,2025-05,,https://www.bls.gov/bls/news-release/cpi.htm,2026-09-29T00:00:00Z,
CPI-2025-07-15,CPI,2025-07-15,08:30,America/New_York,released,2025-06,,https://www.bls.gov/bls/news-release/cpi.htm,2026-09-29T00:00:00Z,
CPI-2025-08-12,CPI,2025-08-12,08:30,America/New_York,released,2025-07,,https://www.bls.gov/bls/news-release/cpi.htm,2026-09-29T00:00:00Z,
CPI-2025-09-11,CPI,2025-09-11,08:30,America/New_York,released,2025-08,,https://www.bls.gov/bls/news-release/cpi.htm,2026-09-29T00:00:00Z,
CPI-2025-10-15,CPI,2025-10-15,08:30,America/New_York,superseded,2025-09,,https://www.bls.gov/bls/092025-cpi-reschedule-notice.htm,2026-09-29T00:00:00Z,original Sep-2025 CPI date; moved to 2025-10-24 (2025 lapse)
CPI-2025-10-24,CPI,2025-10-24,08:30,America/New_York,released,2025-09,2025-10-15,https://www.bls.gov/bls/news-release/cpi.htm,2026-09-29T00:00:00Z,released during 2025 appropriations lapse
CPI-2025-11-13,CPI,2025-11-13,08:30,America/New_York,canceled,2025-10,2025-11-13,https://www.bls.gov/bls/2025-lapse-revised-release-dates.htm,2026-09-29T00:00:00Z,Oct-2025 CPI not published (2025 lapse); excluded
CPI-2025-12-10,CPI,2025-12-10,08:30,America/New_York,superseded,2025-11,,https://www.bls.gov/bls/2025-lapse-revised-release-dates.htm,2026-09-29T00:00:00Z,original Nov-2025 CPI date; moved to 2025-12-18
CPI-2025-12-18,CPI,2025-12-18,08:30,America/New_York,released,2025-11,2025-12-10,https://www.bls.gov/bls/2025-lapse-revised-release-dates.htm,2026-09-29T00:00:00Z,rescheduled from 2025-12-10 (2025 lapse)
CPI-2026-01-13,CPI,2026-01-13,08:30,America/New_York,released,2025-12,,https://www.bls.gov/bls/news-release/cpi.htm,2026-09-29T00:00:00Z,
CPI-2026-02-11,CPI,2026-02-11,08:30,America/New_York,superseded,2026-01,,https://www.bls.gov/bls/2025-lapse-revised-release-dates.htm,2026-09-29T00:00:00Z,original Jan-2026 CPI date; moved to 2026-02-13 (2026 lapse)
CPI-2026-02-13,CPI,2026-02-13,08:30,America/New_York,released,2026-01,2026-02-11,https://www.bls.gov/bls/2025-lapse-revised-release-dates.htm,2026-09-29T00:00:00Z,rescheduled from 2026-02-11 (2026 lapse)
CPI-2026-03-11,CPI,2026-03-11,08:30,America/New_York,released,2026-02,,https://www.bls.gov/bls/news-release/cpi.htm,2026-09-29T00:00:00Z,
CPI-2026-04-10,CPI,2026-04-10,08:30,America/New_York,released,2026-03,,https://www.bls.gov/bls/news-release/cpi.htm,2026-09-29T00:00:00Z,
CPI-2026-05-12,CPI,2026-05-12,08:30,America/New_York,released,2026-04,,https://www.bls.gov/bls/news-release/cpi.htm,2026-09-29T00:00:00Z,
CPI-2026-06-10,CPI,2026-06-10,08:30,America/New_York,released,2026-05,,https://www.bls.gov/bls/news-release/cpi.htm,2026-09-29T00:00:00Z,
CPI-2026-07-14,CPI,2026-07-14,08:30,America/New_York,released,2026-06,,https://www.bls.gov/bls/news-release/cpi.htm,2026-09-29T00:00:00Z,
CPI-2026-08-12,CPI,2026-08-12,08:30,America/New_York,released,2026-07,,https://www.bls.gov/bls/news-release/cpi.htm,2026-09-29T00:00:00Z,
CPI-2026-09-11,CPI,2026-09-11,08:30,America/New_York,released,2026-08,,https://www.bls.gov/bls/news-release/cpi.htm,2026-09-29T00:00:00Z,
CPI-2026-10-14,CPI,2026-10-14,08:30,America/New_York,scheduled,2026-09,,https://www.bls.gov/schedule/news_release/cpi.htm,2026-09-29T00:00:00Z,
CPI-2026-11-10,CPI,2026-11-10,08:30,America/New_York,scheduled,2026-10,,https://www.bls.gov/schedule/news_release/cpi.htm,2026-09-29T00:00:00Z,
CPI-2026-12-10,CPI,2026-12-10,08:30,America/New_York,scheduled,2026-11,,https://www.bls.gov/schedule/news_release/cpi.htm,2026-09-29T00:00:00Z,
NFP-2025-02-07,NFP,2025-02-07,08:30,America/New_York,released,2025-01,,https://www.bls.gov/bls/news-release/empsit.htm,2026-09-29T00:00:00Z,
NFP-2025-03-07,NFP,2025-03-07,08:30,America/New_York,released,2025-02,,https://www.bls.gov/bls/news-release/empsit.htm,2026-09-29T00:00:00Z,
NFP-2025-04-04,NFP,2025-04-04,08:30,America/New_York,released,2025-03,,https://www.bls.gov/bls/news-release/empsit.htm,2026-09-29T00:00:00Z,
NFP-2025-05-02,NFP,2025-05-02,08:30,America/New_York,released,2025-04,,https://www.bls.gov/bls/news-release/empsit.htm,2026-09-29T00:00:00Z,
NFP-2025-06-06,NFP,2025-06-06,08:30,America/New_York,released,2025-05,,https://www.bls.gov/bls/news-release/empsit.htm,2026-09-29T00:00:00Z,
NFP-2025-07-03,NFP,2025-07-03,08:30,America/New_York,released,2025-06,,https://www.bls.gov/bls/news-release/empsit.htm,2026-09-29T00:00:00Z,
NFP-2025-08-01,NFP,2025-08-01,08:30,America/New_York,released,2025-07,,https://www.bls.gov/bls/news-release/empsit.htm,2026-09-29T00:00:00Z,
NFP-2025-09-05,NFP,2025-09-05,08:30,America/New_York,released,2025-08,,https://www.bls.gov/bls/news-release/empsit.htm,2026-09-29T00:00:00Z,
NFP-2025-11-07,NFP,2025-11-07,08:30,America/New_York,canceled,2025-10,2025-11-07,https://www.bls.gov/bls/2025-lapse-revised-release-dates.htm,2026-09-29T00:00:00Z,Oct-2025 Employment Situation not published (2025 lapse); excluded
NFP-2025-10-03,NFP,2025-10-03,08:30,America/New_York,superseded,2025-09,,https://www.bls.gov/bls/2025-lapse-revised-release-dates.htm,2026-09-29T00:00:00Z,original Sep-2025 NFP date; moved to 2025-11-20 (2025 lapse)
NFP-2025-11-20,NFP,2025-11-20,08:30,America/New_York,released,2025-09,2025-10-03,https://www.bls.gov/bls/news-release/empsit.htm,2026-09-29T00:00:00Z,Sep-2025 report delayed by 2025 appropriations lapse
NFP-2025-12-05,NFP,2025-12-05,08:30,America/New_York,superseded,2025-11,,https://www.bls.gov/bls/2025-lapse-revised-release-dates.htm,2026-09-29T00:00:00Z,original Nov-2025 NFP date; moved to 2025-12-16
NFP-2025-12-16,NFP,2025-12-16,08:30,America/New_York,released,2025-11,2025-12-05,https://www.bls.gov/bls/2025-lapse-revised-release-dates.htm,2026-09-29T00:00:00Z,rescheduled from 2025-12-05 (2025 lapse)
NFP-2026-01-09,NFP,2026-01-09,08:30,America/New_York,released,2025-12,,https://www.bls.gov/bls/news-release/empsit.htm,2026-09-29T00:00:00Z,
NFP-2026-02-06,NFP,2026-02-06,08:30,America/New_York,superseded,2026-01,,https://www.bls.gov/bls/2025-lapse-revised-release-dates.htm,2026-09-29T00:00:00Z,original Jan-2026 NFP date; moved to 2026-02-11 (2026 lapse)
NFP-2026-02-11,NFP,2026-02-11,08:30,America/New_York,released,2026-01,2026-02-06,https://www.bls.gov/bls/2025-lapse-revised-release-dates.htm,2026-09-29T00:00:00Z,rescheduled from 2026-02-06 (2026 lapse)
NFP-2026-03-06,NFP,2026-03-06,08:30,America/New_York,released,2026-02,,https://www.bls.gov/bls/news-release/empsit.htm,2026-09-29T00:00:00Z,
NFP-2026-04-03,NFP,2026-04-03,08:30,America/New_York,released,2026-03,,https://www.bls.gov/bls/news-release/empsit.htm,2026-09-29T00:00:00Z,
NFP-2026-05-08,NFP,2026-05-08,08:30,America/New_York,released,2026-04,,https://www.bls.gov/bls/news-release/empsit.htm,2026-09-29T00:00:00Z,
NFP-2026-06-05,NFP,2026-06-05,08:30,America/New_York,released,2026-05,,https://www.bls.gov/bls/news-release/empsit.htm,2026-09-29T00:00:00Z,
NFP-2026-07-02,NFP,2026-07-02,08:30,America/New_York,released,2026-06,,https://www.bls.gov/bls/news-release/empsit.htm,2026-09-29T00:00:00Z,
NFP-2026-08-07,NFP,2026-08-07,08:30,America/New_York,released,2026-07,,https://www.bls.gov/bls/news-release/empsit.htm,2026-09-29T00:00:00Z,
NFP-2026-09-04,NFP,2026-09-04,08:30,America/New_York,released,2026-08,,https://www.bls.gov/bls/news-release/empsit.htm,2026-09-29T00:00:00Z,
NFP-2026-10-02,NFP,2026-10-02,08:30,America/New_York,scheduled,2026-09,,https://www.bls.gov/schedule/news_release/empsit.htm,2026-09-29T00:00:00Z,
NFP-2026-11-06,NFP,2026-11-06,08:30,America/New_York,scheduled,2026-10,,https://www.bls.gov/schedule/news_release/empsit.htm,2026-09-29T00:00:00Z,
NFP-2026-12-04,NFP,2026-12-04,08:30,America/New_York,scheduled,2026-11,,https://www.bls.gov/schedule/news_release/empsit.htm,2026-09-29T00:00:00Z,
