clock,window,market,Heston,Bates,HB-MJ,hbmj_event_part,market_minus_bates
calendar,NFP-2026-10-02,6.153954793736457e-05,4.616700942798206e-05,4.524405847778375e-05,5.6580896067795705e-05,1.3460764738774091e-05,1.6295489459580822e-05
calendar,CPI-2026-10-14,0.0003346723903582,0.0003160523103463,0.0003156106911987,0.0003427645700875,6.435176472973606e-05,1.9061699159532257e-05
calendar,FOMC-2026-10-28+ECB-2026-10-29,0.0004236425793622,0.0003296862735344,0.0003348195943343,0.0004966629875432,0.0002184597298503,8.882298502788642e-05
calendar,NFP-2026-11-06,0.0004459454164007,0.0003741967177596,0.000376065829917,0.0003269532742831,1.538586782656834e-05,6.987958648376749e-05
calendar,CPI-2026-11-10,0.0008018730540976,0.0007788252654599,0.0007863481205994,0.0007031689308251,6.6630417291415e-05,1.5524933498140383e-05
trading,NFP-2026-10-02,6.153954793729506e-05,5.524226712819726e-05,5.3615698657355406e-05,6.354519334179105e-05,1.2171546396637438e-05,7.923849279939653e-06
trading,CPI-2026-10-14,0.0003346723904043,0.0003064487670661,0.000305393166497,0.0003278441618352,4.7046700234184896e-05,2.927922390730437e-05
trading,FOMC-2026-10-28+ECB-2026-10-29,0.0004236425793629,0.0003495013623493,0.0003554656718234,0.000444402168591,0.0001256917173461,6.817690753958047e-05
trading,NFP-2026-11-06,0.0004459454163945,0.0004054564940954,0.0004094767361778,0.0003815413052066,1.36009831214535e-05,3.646868021673733e-05
trading,CPI-2026-11-10,0.0008018730540863,0.0008874280424632,0.0008984932694113,0.0008490660421881,4.7899353113046734e-05,-9.662021532506308e-05
