clock,held_out,model,oos
calendar,2026-10-01,Heston,2.0061088672718554
calendar,2026-10-01,Bates,1.5079681538673868
calendar,2026-10-01,HB-MJ,4.371502679802811
calendar,2026-10-02,Heston,2.218718353491209
calendar,2026-10-02,Bates,1.7862299146819651
calendar,2026-10-02,HB-MJ,1.7904236479328877
calendar,2026-10-05,Heston,1.2230984186485443
calendar,2026-10-05,Bates,1.233944241567193
calendar,2026-10-05,HB-MJ,1.2512209198128623
calendar,2026-10-06,Heston,0.9910971451354434
calendar,2026-10-06,Bates,1.00761004220969
calendar,2026-10-06,HB-MJ,0.969527912786258
calendar,2026-10-07,Heston,0.7402608761687759
calendar,2026-10-07,Bates,0.7375652079184195
calendar,2026-10-07,HB-MJ,0.661527098213612
calendar,2026-10-08,Heston,0.5732479612169735
calendar,2026-10-08,Bates,0.602694097747165
calendar,2026-10-08,HB-MJ,0.4734854543521132
calendar,2026-10-09,Heston,0.3351267439030867
calendar,2026-10-09,Bates,0.3758464630529512
calendar,2026-10-09,HB-MJ,0.2827142297656985
calendar,2026-10-16,Heston,0.2008259856617888
calendar,2026-10-16,Bates,0.271611738695694
calendar,2026-10-16,HB-MJ,0.4201250659654284
calendar,2026-10-23,Heston,0.3267718779238935
calendar,2026-10-23,Bates,0.2678491831643785
calendar,2026-10-23,HB-MJ,0.3398829173887319
calendar,2026-10-30,Heston,0.3993227955223146
calendar,2026-10-30,Bates,0.3563646247285256
calendar,2026-10-30,HB-MJ,0.6686610382245001
calendar,2026-11-06,Heston,0.5736869426206305
calendar,2026-11-06,Bates,0.4377886697646118
calendar,2026-11-06,HB-MJ,0.7947157799398623
calendar,2026-11-20,Heston,0.6788749309557215
calendar,2026-11-20,Bates,0.3393151077535438
calendar,2026-11-20,HB-MJ,0.4296335239434002
calendar,2026-11-30,Heston,0.8635982574365345
calendar,2026-11-30,Bates,0.4514190816641225
calendar,2026-11-30,HB-MJ,0.2013923367294347
trading,2026-10-01,Bates,0.130774190068647
trading,2026-10-01,HB-MJ,0.3441926012864584
trading,2026-10-01,Heston,0.7072830662752592
trading,2026-10-02,Bates,0.2840254261571309
trading,2026-10-02,HB-MJ,0.1422536642950761
trading,2026-10-02,Heston,0.793602587282514
trading,2026-10-05,Bates,0.2704273441502567
trading,2026-10-05,HB-MJ,0.1968138008760059
trading,2026-10-05,Heston,0.6612495869142005
trading,2026-10-06,Bates,0.1550912996532522
trading,2026-10-06,HB-MJ,0.163067523847649
trading,2026-10-06,Heston,0.406401296574821
trading,2026-10-07,Bates,0.2267118236669674
trading,2026-10-07,HB-MJ,0.2118850216137538
trading,2026-10-07,Heston,0.3830895933810831
trading,2026-10-08,Bates,0.3107857852438975
trading,2026-10-08,HB-MJ,0.267543492503351
trading,2026-10-08,Heston,0.3736018715232401
trading,2026-10-09,Bates,0.2850377752831408
trading,2026-10-09,HB-MJ,0.2398362655823388
trading,2026-10-09,Heston,0.3096933107597927
trading,2026-10-16,Bates,0.3427867939810707
trading,2026-10-16,HB-MJ,0.3290476634200778
trading,2026-10-16,Heston,0.3037506930185605
trading,2026-10-23,Bates,0.255086960750619
trading,2026-10-23,HB-MJ,0.3014846319518817
trading,2026-10-23,Heston,0.224693933629917
trading,2026-10-30,Bates,0.399636656080241
trading,2026-10-30,HB-MJ,0.3036947689705926
trading,2026-10-30,Heston,0.3911917941717763
trading,2026-11-06,Bates,0.384168577240085
trading,2026-11-06,HB-MJ,0.310093571176285
trading,2026-11-06,Heston,0.4946888866076531
trading,2026-11-20,Bates,0.1834163973154073
trading,2026-11-20,HB-MJ,0.2106043132511865
trading,2026-11-20,Heston,0.6397343182770097
trading,2026-11-30,Bates,0.3583893328623398
trading,2026-11-30,HB-MJ,0.2251333562974133
trading,2026-11-30,Heston,0.8726852862364356
