case,steps_per_year,n_sd,cf_price,bias,mc_se,z
Heston,12,-2.0,0.0023978587700257126,0.00019612955095837242,2.7504117999507432e-05,7.130915849106119
Heston,12,-1.0,0.007949257535764545,0.0006021905908402351,4.832123929731933e-05,12.462233990626192
Heston,12,0.0,0.0301776840438956,0.001167484614818845,7.345549926665144e-05,15.893767334978543
Heston,12,1.0,0.005948763550734477,0.000677530373636305,4.4731313054946104e-05,15.146668572059456
Heston,12,2.0,0.0012951562078175117,0.00020379946877347789,2.3677305345565317e-05,8.607375957655117
Heston,52,-2.0,0.0023978587700257126,-1.5164670215322279e-05,2.6348441240077457e-05,-0.5755433529121247
Heston,52,-1.0,0.007949257535764545,3.73857322677508e-05,4.6695732709042344e-05,0.8006241705360644
Heston,52,0.0,0.0301776840438956,0.0002374462554133143,7.100648622002948e-05,3.344007963970136
Heston,52,1.0,0.005948763550734477,0.0001372934239627626,4.254982638916208e-05,3.2266506261875794
Heston,52,2.0,0.0012951562078175117,4.152608332746305e-05,2.221301733646152e-05,1.8694481122697424
Heston,365,-2.0,0.0023978587700257126,1.419138320822447e-05,2.6836443572762944e-05,0.5288101297680033
Heston,365,-1.0,0.007949257535764545,9.934507743015672e-06,4.7026922434619147e-05,0.21125149656194225
Heston,365,0.0,0.0301776840438956,9.489548472504938e-06,7.020500092764743e-05,0.13516912395293282
Heston,365,1.0,0.005948763550734477,2.539809726176921e-06,4.184563892240656e-05,0.060694729285563874
Heston,365,2.0,0.0012951562078175117,-1.154176818867164e-05,2.17040148305765e-05,-0.5317803309096371
Heston,1460,-2.0,0.0023978587700257126,-3.662544506164572e-05,2.620932323729706e-05,-1.3974204801109114
Heston,1460,-1.0,0.007949257535764545,-3.54717546609748e-05,4.6500196247072275e-05,-0.7628302141457769
Heston,1460,0.0,0.0301776840438956,2.557410858104736e-06,7.05465498774649e-05,0.03625139517874091
Heston,1460,1.0,0.005948763550734477,2.226454972467304e-05,4.244090513272409e-05,0.5246011991272529
Heston,1460,2.0,0.0012951562078175117,1.8507038147424094e-05,2.2508174413328217e-05,0.822236304356392
Heston hi vol-of-vol,12,-2.0,0.0041350331482122304,0.002819255825670066,6.212042938034468e-05,45.38371440430026
Heston hi vol-of-vol,12,-1.0,0.007764092215036031,0.005151374936100088,8.324363887566864e-05,61.883106092876346
Heston hi vol-of-vol,12,0.0,0.021176417702503326,0.009427309326773554,8.753767417630342e-05,107.69430894161843
Heston hi vol-of-vol,12,1.0,0.003788567304364121,0.003600358675153373,6.211733360006275e-05,57.96061206255215
Heston hi vol-of-vol,12,2.0,0.0014306739736607964,0.0013623656588658997,4.302051554455373e-05,31.66781340532706
Heston hi vol-of-vol,52,-2.0,0.0041350331482122304,0.0007243349628138131,5.373483275940198e-05,13.479803055441282
Heston hi vol-of-vol,52,-1.0,0.007764092215036031,0.0012531865918541697,7.186273356563373e-05,17.438615672887092
Heston hi vol-of-vol,52,0.0,0.021176417702503326,0.0023350623398758867,7.419845570542027e-05,31.47049783820916
Heston hi vol-of-vol,52,1.0,0.003788567304364121,0.0008734297965618506,5.147758508681903e-05,16.96718669084371
Heston hi vol-of-vol,52,2.0,0.0014306739736607964,0.0003957182289915822,3.619718848943017e-05,10.93229185761581
Heston hi vol-of-vol,365,-2.0,0.0041350331482122304,0.00012854947609427635,5.0753275609567077e-05,2.5328311237126253
Heston hi vol-of-vol,365,-1.0,0.007764092215036031,0.00017752594521707778,6.789674252170072e-05,2.614645984825238
Heston hi vol-of-vol,365,0.0,0.021176417702503326,0.00025396868805873177,6.815287993092318e-05,3.7264557024757208
Heston hi vol-of-vol,365,1.0,0.003788567304364121,9.09726114437584e-05,4.539525524646958e-05,2.004011453395967
Heston hi vol-of-vol,365,2.0,0.0014306739736607964,1.4215382160109695e-06,3.095594577875644e-05,0.04592133046655295
Heston hi vol-of-vol,1460,-2.0,0.0041350331482122304,-5.4256612592277174e-05,4.921707665036849e-05,-1.102394052733137
Heston hi vol-of-vol,1460,-1.0,0.007764092215036031,-5.999579667451561e-05,6.628313631242516e-05,-0.905144204277326
Heston hi vol-of-vol,1460,0.0,0.021176417702503326,5.694448827762294e-05,6.849799095640637e-05,0.8313307804000217
Heston hi vol-of-vol,1460,1.0,0.003788567304364121,2.2088769443689288e-05,4.6290280986839094e-05,0.4771794202322816
Heston hi vol-of-vol,1460,2.0,0.0014306739736607964,1.9569379146274803e-05,3.234733235367989e-05,0.6049765999961526
